u.screen_name,u.retweet_count,u.fav_count,u.followers,u.InfluenceScore,Rank,fav per retweet,retweet per follow,,dissemination rank,rank difference,% wrong,abs val,,avg error
Abdelaziz848,123095,108256,146,110.019699,1,0.879450831,843.1164384,843.9958892,1,0,0,0,,0.233705369
Tre_Hart10,9431,11923,21,8.765736649,37,1.26423497,449.0952381,450.3594731,2,35,0.044929397,0.044929397,,
Markbono1,6373,16743,20,6.726569128,46,2.627177154,318.65,321.2771772,3,43,0.055198973,0.055198973,,
JordynAndreax,11609,15322,42,10.85528043,30,1.319838057,276.4047619,277.7246,4,26,0.033376123,0.033376123,,
DeatheTrap,58937,83445,265,55.62845357,4,1.415833856,222.4037736,223.8196074,5,-1,-0.001283697,0.001283697,,
maryuhmm,7708,5623,35,6.785771905,45,0.729501816,220.2285714,220.9580732,6,39,0.050064185,0.050064185,,
StaceyT41045985,8815,19956,54,9.011930849,35,2.263868406,163.2407407,165.5046091,7,28,0.035943517,0.035943517,,
StoolBlock,58955,83480,386,55.65384149,3,1.415995251,152.7331606,154.1491559,8,-5,-0.006418485,0.006418485,,
lasannah,16495,17382,112,15.02000374,24,1.053773871,147.2767857,148.3305596,9,15,0.019255456,0.019255456,,
karly_page,16794,29986,118,16.43002654,20,1.785518638,142.3220339,144.1075525,10,10,0.01283697,0.01283697,,
therunandho,11072,13409,87,10.24797375,32,1.211072977,127.2643678,128.4754408,11,21,0.026957638,0.026957638,,
carocarocjdl,2657,7430,23,2.848398058,102,2.796386903,115.5217391,118.318126,12,90,0.115532734,0.115532734,,
Truthsayer4,23740,29695,206,22.05786074,13,1.25084246,115.2427184,116.4935609,13,0,0,0,,
carolinebierly,17064,27748,156,16.44634116,19,1.626113455,109.3846154,111.0107288,14,5,0.006418485,0.006418485,,
trigunvash6,51649,59485,480,47.51353708,6,1.151716393,107.6020833,108.7537997,15,-9,-0.011553273,0.011553273,,
franciis_Kaos,9431,11923,106,8.776300113,36,1.26423497,88.97169811,90.23593308,16,20,0.025673941,0.025673941,,
af205cne,4742,3400,54,4.174832213,70,0.716997048,87.81481481,88.53181186,17,53,0.068035944,0.068035944,,
merle_arlette,2746,8535,33,3.025321624,100,3.10815732,83.21212121,86.32027853,18,82,0.105263158,0.105263158,,
ajhanaelise,20671,26781,265,19.29933094,16,1.295583184,78.00377358,79.29935677,19,-3,-0.003851091,0.003851091,,
LeighAnnSte_,28486,33639,371,26.29497362,10,1.180895879,76.78167116,77.96256704,20,-10,-0.01283697,0.01283697,,
hforsythetasker,2081,4884,31,2.146159134,125,2.346948582,67.12903226,69.47598084,21,104,0.133504493,0.133504493,,
woahkxri,2998,3201,44,2.73710913,106,1.067711808,68.13636364,69.20407544,22,84,0.107830552,0.107830552,,
BullardDamon,3106,3739,48,2.875336316,101,1.203799099,64.70833333,65.91213243,23,78,0.10012837,0.10012837,,
jjat82,1201,1931,19,1.157548821,198,1.607826811,63.21052632,64.81835313,24,174,0.223363286,0.223363286,,
Camryn1788,12368,11613,198,11.14396239,27,0.938955369,62.46464646,63.40360183,25,2,0.002567394,0.002567394,,
DylanDylanlsn1,18910,22657,327,17.49906185,18,1.198149127,57.82874618,59.0268953,26,-8,-0.010269576,0.010269576,,
Spenser300,1481,3576,27,1.539022417,156,2.41458474,54.85185185,57.26643659,27,129,0.165596919,0.165596919,,
__xoali,6563,4072,116,5.723493717,52,0.620447966,56.57758621,57.19803417,28,24,0.030808729,0.030808729,,
reenasamantaray,3813,8127,70,3.856444873,77,2.131392604,54.47142857,56.60282118,29,48,0.061617458,0.061617458,,
genevabhd,41527,37014,826,37.25594854,8,0.891323717,50.2748184,51.16614212,30,-22,-0.028241335,0.028241335,,
SharonRobert99,3835,4324,85,3.526399494,84,1.127509778,45.11764706,46.24515684,31,53,0.068035944,0.068035944,,
BlueNarcissus88,2228,5179,52,2.295211075,117,2.324506284,42.84615385,45.17066013,32,85,0.109114249,0.109114249,,
Shawn_Pom,25592,26138,580,23.27200982,11,1.021334792,44.12413793,45.14547272,33,-22,-0.028241335,0.028241335,,
ocmd4trump,10622,26081,252,11.07030469,28,2.455375635,42.15079365,44.60616929,34,-6,-0.007702182,0.007702182,,
mickeyreid7,3059,2133,71,2.693545625,107,0.697286695,43.08450704,43.78179374,35,72,0.092426187,0.092426187,,
jc_jcchazes10,426,94,10,0.356706631,347,0.220657277,42.6,42.82065728,36,311,0.399229782,0.399229782,,
SatyanAgarwal,671,1435,17,0.68034025,265,2.138599106,39.47058824,41.60918734,37,228,0.292682927,0.292682927,,
kellwallis,8862,11386,220,8.275873778,40,1.284811555,40.28181818,41.56662974,38,2,0.002567394,0.002567394,,
lyg661,6562,4071,166,5.728228099,51,0.620390125,39.53012048,40.15051061,39,12,0.015404365,0.015404365,,
smithjmott,1261,2781,35,1.288669774,176,2.205392546,36.02857143,38.23396397,40,136,0.174582798,0.174582798,,
bigodawgg42,3098,3441,87,2.845406492,103,1.110716591,35.6091954,36.71991199,41,62,0.079589217,0.079589217,,
RonRonallenjr10,362,88,10,0.30404901,373,0.243093923,36.2,36.44309392,42,331,0.424903723,0.424903723,,
BlackGatsby19,2363,3178,68,2.222260328,120,1.34490055,34.75,36.09490055,43,77,0.098844673,0.098844673,,
Mlissaxo_,21129,33136,615,20.29739901,15,1.568271097,34.35609756,35.92436866,44,-29,-0.037227214,0.037227214,,
CarlinoSaysHey,1910,5218,58,2.043409114,130,2.731937173,32.93103448,35.66297166,45,85,0.109114249,0.109114249,,
lowkey_yourmom,41532,37014,1219,37.30732701,7,0.891216411,34.07054963,34.96176604,46,-39,-0.050064185,0.050064185,,
nhemifyCloud,501,761,15,0.483919869,306,1.518962076,33.4,34.91896208,47,259,0.332477535,0.332477535,,
t_jeffcrabtree,3172,7173,98,3.251759225,89,2.261349306,32.36734694,34.62869625,48,41,0.052631579,0.052631579,,
ramos1944,197,312,6,0.189860428,460,1.583756345,32.83333333,34.41708968,49,411,0.527599487,0.527599487,,
_rhq_,6582,6448,197,5.967668439,49,0.979641446,33.41116751,34.39080896,50,-1,-0.001283697,0.001283697,,
justpatrickhere,2029,4543,65,2.076881108,129,2.239034007,31.21538462,33.45441862,51,78,0.10012837,0.10012837,,
JonathanNugent8,737,1343,24,0.726630372,258,1.822252374,30.70833333,32.53058571,52,206,0.264441592,0.264441592,,
uptoitnow,838,2756,30,0.939939188,223,3.288782816,27.93333333,31.22211615,53,170,0.218228498,0.218228498,,
4rpyeuyhza,501,761,17,0.483950048,305,1.518962076,29.47058824,30.98955031,54,251,0.322207959,0.322207959,,
BIGDD2,263,296,9,0.243354822,410,1.125475285,29.22222222,30.34769751,55,355,0.455712452,0.455712452,,
lovelyjules23,11162,25513,433,11.47779274,26,2.285701487,25.77829099,28.06399248,56,-30,-0.038510911,0.038510911,,
Jim_Courtney01,4866,1956,177,4.160355112,71,0.401972873,27.49152542,27.8934983,57,14,0.017971759,0.017971759,,
JOY4thesoul,663,2114,27,0.73784615,257,3.188536953,24.55555556,27.74409251,58,199,0.255455712,0.255455712,,
XimenaH54559800,394,357,15,0.356123704,348,0.906091371,26.26666667,27.17275804,59,289,0.370988447,0.370988447,,
nottherealhiggs,2156,5189,88,2.241428262,118,2.4067718,24.5,26.9067718,60,58,0.074454429,0.074454429,,
reggie20707,1080,2740,46,1.136963992,202,2.537037037,23.47826087,26.01529791,61,141,0.181001284,0.181001284,,
JohannaSughroue,37755,37737,1534,34.36945351,9,0.999523242,24.61212516,25.6116484,62,-53,-0.068035944,0.068035944,,
megstreissguth,6757,4974,275,5.989684918,48,0.736125499,24.57090909,25.30703459,63,-15,-0.019255456,0.019255456,,
Jwhite__,16494,17381,733,15.08721871,23,1.053777131,22.50204638,23.55582352,64,-41,-0.052631579,0.052631579,,
AlainaWest2400,1847,10399,107,2.476285548,112,5.630211153,17.26168224,22.8918934,65,47,0.060333761,0.060333761,,
celestewoodring,196,152,9,0.175401483,475,0.775510204,21.77777778,22.55328798,66,409,0.525032092,0.525032092,,
davidlamarrr,1153,2759,60,1.19916666,186,2.392888118,19.21666667,21.60955478,67,119,0.152759949,0.152759949,,
1Dniallerlad,1280,1639,63,1.199059024,187,1.28046875,20.31746032,21.59792907,68,119,0.152759949,0.152759949,,
01lovelyday,590,1211,31,0.600251618,279,2.052542373,19.03225806,21.08480044,69,210,0.26957638,0.26957638,,
LegendHDGaming,5902,6797,303,5.45548192,57,1.151643511,19.47854785,20.63019137,70,-13,-0.016688062,0.016688062,,
z_spice,3029,7381,174,3.179129259,92,2.436777814,17.40804598,19.84482379,71,21,0.026957638,0.026957638,,
miss_fit_me,5604,6391,303,5.182993751,59,1.140435403,18.4950495,19.63548491,72,-13,-0.016688062,0.016688062,,
_taybaeslay,11173,25550,668,11.51895981,25,2.286762732,16.7260479,19.01281064,73,-48,-0.061617458,0.061617458,,
RightmindsRus,10720,24558,647,11.06299638,29,2.290858209,16.56877898,18.85963719,74,-45,-0.057766367,0.057766367,,
AfriKwame,23791,26632,1347,21.95710636,14,1.119414905,17.66221232,18.78162723,75,-61,-0.07830552,0.07830552,,
globalbicycles,52,53,3,0.047540115,689,1.019230769,17.33333333,18.3525641,76,613,0.78690629,0.78690629,,
Hiz_7_16,2748,8536,182,3.055198012,97,3.106259098,15.0989011,18.2051602,77,20,0.025673941,0.025673941,,
brown_gorl,1704,4557,112,1.822963924,140,2.674295775,15.21428571,17.88858149,78,62,0.079589217,0.079589217,,
Colin_webster_,1152,2758,76,1.198991802,188,2.394097222,15.15789474,17.55199196,79,109,0.139922978,0.139922978,,
bglock09,1237,1753,77,1.181618221,192,1.417138238,16.06493506,17.4820733,80,112,0.143774069,0.143774069,,
spfcasey,866,1454,58,0.845857492,235,1.678983834,14.93103448,16.61001832,81,154,0.197689345,0.197689345,,
PatrickDiomi_,2086,2823,140,1.972585238,132,1.353307766,14.9,16.25330777,82,50,0.064184852,0.064184852,,
MsDannleHotness,480,468,32,0.43763079,319,0.975,15,15.975,83,236,0.302952503,0.302952503,,
Markis_99,2998,3201,204,2.756841794,105,1.067711808,14.69607843,15.76379024,84,21,0.026957638,0.026957638,,
carralex2000,525,540,36,0.483430325,307,1.028571429,14.58333333,15.61190476,85,222,0.284980745,0.284980745,,
5RTallonTF,205,167,14,0.204489732,443,0.814634146,14.64285714,15.45749129,86,357,0.458279846,0.458279846,,
aradialeijon,647,930,47,0.621419035,275,1.4374034,13.76595745,15.20336085,87,188,0.241335045,0.241335045,,
VinnyTD76,1571,4372,128,1.696559796,152,2.782940802,12.2734375,15.0563783,88,64,0.082156611,0.082156611,,
Joe_Sciacca14,3981,13042,342,4.480975229,64,3.276061291,11.64035088,14.91641217,89,-25,-0.032092426,0.032092426,,
Kadey_Bird_,4967,4318,361,4.477400843,65,0.869337628,13.75900277,14.6283404,90,-25,-0.032092426,0.032092426,,
whispuhh1x,2707,3643,204,2.561312568,111,1.345770225,13.26960784,14.61537807,91,20,0.025673941,0.025673941,,
ChristoPetty,306,308,23,0.280406235,390,1.006535948,13.30434783,14.31088377,92,298,0.38254172,0.38254172,,
FaithFortune99,3385,4396,267,3.190807564,90,1.298670606,12.67790262,13.97657323,93,-3,-0.003851091,0.003851091,,
majewboob,3560,4685,282,3.371020222,87,1.316011236,12.62411348,13.94012471,94,-7,-0.008985879,0.008985879,,
JBiezus,3556,5692,291,3.455131761,85,1.600674916,12.21993127,13.82060619,95,-10,-0.01283697,0.01283697,,
alexisleean,759,1484,68,0.765118707,250,1.955204216,11.16176471,13.11696892,96,154,0.197689345,0.197689345,,
colonel_calzone,2942,4135,259,2.807558607,104,1.405506458,11.35907336,12.76457982,97,7,0.008985879,0.008985879,,
Sidlexik,1084,2375,103,1.117281988,207,2.19095941,10.52427184,12.71523125,98,109,0.139922978,0.139922978,,
AmbreTirehote,128,244,12,0.129657969,533,1.90625,10.66666667,12.57291667,99,434,0.557124519,0.557124519,,
nikhitaasanjayy,2051,2014,178,1.874480054,137,0.98196002,11.52247191,12.50443193,100,37,0.047496791,0.047496791,,
jcschofield,2029,4542,203,2.0922817,128,2.238541153,9.995073892,12.23361504,101,27,0.03465982,0.03465982,,
DrKnockels,1,12,89,0.015408876,753,12,0.011235955,12.01123596,102,651,0.835686778,0.835686778,,
harrisonchief,14928,41064,1617,16.11441374,22,2.750803859,9.231910946,11.9827148,103,-81,-0.103979461,0.103979461,,
mat_r_millz,4368,4104,406,3.977779509,76,0.93956044,10.75862069,11.69818113,104,-28,-0.035943517,0.035943517,,
Sharmetzger,1560,3394,171,1.615560244,154,2.175641026,9.122807018,11.29844804,105,49,0.062901155,0.062901155,,
jedadiah_bauman,102,101,10,0.094053094,588,0.990196078,10.2,11.19019608,106,482,0.618741977,0.618741977,,
0Nplaneteering,122,109,12,0.126545386,538,0.893442623,10.16666667,11.06010929,107,431,0.553273427,0.553273427,,
photolove_420,2786,2921,282,2.565968669,110,1.048456569,9.879432624,10.92788919,108,2,0.002567394,0.002567394,,
differentgold,1604,1652,164,1.475586095,159,1.029925187,9.780487805,10.81041299,109,50,0.064184852,0.064184852,,
badsha700026,337,486,37,0.323553773,362,1.442136499,9.108108108,10.55024461,110,252,0.323491656,0.323491656,,
JiggyKuzz,779,1132,88,0.74966326,253,1.453145058,8.852272727,10.30541779,111,142,0.182284981,0.182284981,,
babyblue60,79,788,248,0.180209853,471,9.974683544,0.318548387,10.29323193,112,359,0.46084724,0.46084724,,
aavelarx,1527,1646,167,1.412257372,164,1.077930583,9.143712575,10.22164316,113,51,0.065468549,0.065468549,,
_aries0412,5141,5788,582,4.781947159,62,1.125851002,8.833333333,9.959184335,114,-52,-0.066752246,0.066752246,,
_CantBExplained,6582,6448,748,6.040238256,47,0.979641446,8.799465241,9.779106687,115,-68,-0.087291399,0.087291399,,
hthofmann,1124,1212,132,1.041452091,212,1.078291815,8.515151515,9.59344333,116,96,0.123234917,0.123234917,,
ee_Jayne,1892,4192,257,1.966033061,133,2.21564482,7.361867704,9.577512525,117,16,0.020539153,0.020539153,,
_duaanee_,5800,6668,689,5.409379241,58,1.149655172,8.417997097,9.56765227,118,-60,-0.077021823,0.077021823,,
TimLat,799,1213,101,0.778762605,247,1.518147685,7.910891089,9.429038774,119,128,0.164313222,0.164313222,,
ToothyMcButt,11073,13409,1379,10.39073132,31,1.210963605,8.02973169,9.240695295,120,-89,-0.114249037,0.114249037,,
macsrapattoni,2539,2231,316,2.313653651,116,0.878692399,8.034810127,8.913502525,121,-5,-0.006418485,0.006418485,,
gpultorak,1163,997,146,1.057127154,211,0.857265692,7.965753425,8.823019117,122,89,0.114249037,0.114249037,,
emogaybands,8678,9708,1136,8.068564824,42,1.118690943,7.639084507,8.75777545,123,-81,-0.103979461,0.103979461,,
AniDrolkar,698,538,92,0.628828814,273,0.770773639,7.586956522,8.357730161,124,149,0.19127086,0.19127086,,
easy_maac,3593,5011,519,3.448326466,86,1.394656276,6.922928709,8.317584985,125,-39,-0.050064185,0.050064185,,
dannycallahan4,9,74,1224,0.161127614,489,8.222222222,0.007352941,8.229575163,126,363,0.465982028,0.465982028,,
leehunter0796,606,629,85,0.56454386,286,1.037953795,7.129411765,8.16736556,127,159,0.204107831,0.204107831,,
HeatherR_Volt,8853,11374,1310,8.431862283,39,1.284762227,6.758015267,8.042777495,128,-89,-0.114249037,0.114249037,,
Blondie610,1,8,392,0.0579783,664,8,0.00255102,8.00255102,129,535,0.68677792,0.68677792,,
QueenMSW,3452,3422,521,3.180323951,91,0.991309386,6.62571977,7.617029156,130,-39,-0.050064185,0.050064185,,
birdlady1949,3935,5102,624,3.745853769,80,1.29656925,6.306089744,7.602658994,131,-51,-0.065468549,0.065468549,,
Toddlycooper,1236,1753,200,1.190899158,189,1.41828479,6.18,7.59828479,132,57,0.073170732,0.073170732,,
sabyjams,1143,2515,213,1.186065844,190,2.200349956,5.366197183,7.566547139,133,57,0.073170732,0.073170732,,
410spratty,10,75,239,0.067060796,643,7.5,0.041841004,7.541841004,134,509,0.653401797,0.653401797,,
honeylites,5,37,57,0.018642028,750,7.4,0.087719298,7.487719298,135,615,0.789473684,0.789473684,,
pc2609,45,109,9,0.048227061,687,2.422222222,5,7.422222222,136,551,0.707317073,0.707317073,,
PatEngel,499,896,89,0.502232229,298,1.795591182,5.606741573,7.402332755,137,161,0.206675225,0.206675225,,
edub130,924,1553,163,0.921822618,226,1.680735931,5.668711656,7.349447587,138,88,0.11296534,0.11296534,,
tyler_yost_,4247,1540,617,3.66786692,82,0.3626089,6.883306321,7.245915221,139,-57,-0.073170732,0.073170732,,
Ant_Slaughter,1242,1026,194,1.144024989,201,0.826086957,6.402061856,7.228148812,140,61,0.07830552,0.07830552,,
_Destinyy09,1113,3293,262,1.24178291,180,2.958670261,4.248091603,7.206761864,141,39,0.050064185,0.050064185,,
evanbowman54,3193,4722,566,3.096166248,96,1.478860006,5.641342756,7.120202762,142,-46,-0.059050064,0.059050064,,
HenryCallegary,590,1211,120,0.609299024,276,2.052542373,4.916666667,6.96920904,143,133,0.170731707,0.170731707,,
myrenthapimp,4569,3618,752,4.133412136,72,0.791858175,6.075797872,6.867656047,144,-72,-0.092426187,0.092426187,,
JohnTTimmons,1210,1945,236,1.204442051,185,1.607438017,5.127118644,6.734556661,145,40,0.051347882,0.051347882,,
rxcardo,1004,1107,179,0.938995127,224,1.102589641,5.608938547,6.711528189,146,78,0.10012837,0.10012837,,
CaseyMcD08,26,168,150,0.061151511,658,6.461538462,0.173333333,6.634871795,147,511,0.655969191,0.655969191,,
orangerful,1370,2202,273,1.347575371,170,1.60729927,5.018315018,6.625614288,148,22,0.028241335,0.028241335,,
mattpadgett_,4,26,50,0.012755773,761,6.5,0.08,6.58,149,612,0.785622593,0.785622593,,
damongiles1973,1030,1092,188,0.959111458,219,1.060194175,5.478723404,6.538917579,150,69,0.088575096,0.088575096,,
Digemsmack,2,13,61,0.015180631,754,6.5,0.032786885,6.532786885,151,603,0.77406932,0.77406932,,
RPTriplett,761,478,129,0.680797473,264,0.628120894,5.899224806,6.5273457,152,112,0.143774069,0.143774069,,
meetabobcat,2,13,492,0.062337902,654,6.5,0.004065041,6.504065041,153,501,0.643132221,0.643132221,,
CameronJones73,1761,2329,342,1.6857821,153,1.322544009,5.149122807,6.471666816,154,-1,-0.001283697,0.001283697,,
rihsbianbabe,6166,6342,1158,5.720863761,53,1.028543626,5.324697755,6.353241381,155,-102,-0.130937099,0.130937099,,
sunshine0nine,353,402,68,0.368648423,342,1.138810198,5.191176471,6.329986669,156,186,0.238767651,0.238767651,,
_katie_smith_,1797,4681,513,1.950390791,134,2.604897051,3.502923977,6.107821027,157,-23,-0.029525032,0.029525032,,
Twindog4Lavon,3698,5276,792,3.614712813,83,1.426717144,4.669191919,6.095909064,158,-75,-0.096277279,0.096277279,,
endingitnow,2,12,337,0.039324466,705,6,0.005934718,6.005934718,159,546,0.700898588,0.700898588,,
Chrissyma,1,6,385,0.057443693,667,6,0.002597403,6.002597403,160,507,0.650834403,0.650834403,,
WhoIsWhip,1,6,868,0.107073043,566,6,0.001152074,6.001152074,161,405,0.519897304,0.519897304,,
kingbeachley,1,6,3550,0.372970128,340,6,0.00028169,6.00028169,162,178,0.228498074,0.228498074,,
Kyd_Wykkyd64,1004,1107,208,0.944561619,221,1.102589641,4.826923077,5.929512718,163,58,0.074454429,0.074454429,,
ThomasAwful,7,41,1819,0.228800152,424,5.857142857,0.003848268,5.860991125,164,260,0.333761232,0.333761232,,
anthonymm26,11,64,448,0.070565824,632,5.818181818,0.024553571,5.84273539,165,467,0.599486521,0.599486521,,
bradroth,662,1317,172,0.690978007,262,1.989425982,3.848837209,5.838263191,166,96,0.123234917,0.123234917,,
LilHughesKnipp,226,622,74,0.251696148,405,2.752212389,3.054054054,5.806266443,167,238,0.305519897,0.305519897,,
birdy_grace,676,1001,157,0.664164731,268,1.480769231,4.305732484,5.786501715,168,100,0.128369705,0.128369705,,
Tyrique1129,1881,2133,406,1.773988142,143,1.133971292,4.633004926,5.766976218,169,-26,-0.033376123,0.033376123,,
GailB56807364,158,76,30,0.140358643,515,0.481012658,5.266666667,5.747679325,170,345,0.442875481,0.442875481,,
beachgirl61,1473,1694,328,1.393236594,166,1.150033944,4.490853659,5.640887603,171,-5,-0.006418485,0.006418485,,
iiamsusie,1776,2530,434,1.726715533,148,1.42454955,4.092165899,5.516715448,172,-24,-0.030808729,0.030808729,,
Iolwhatever,2,11,219,0.026549858,732,5.5,0.00913242,5.50913242,173,559,0.71758665,0.71758665,,
StancedBattles,2,11,1060,0.180473498,470,5.5,0.001886792,5.501886792,174,296,0.379974326,0.379974326,,
nodror,1099,1342,258,1.064782264,210,1.2211101,4.259689922,5.480800023,175,35,0.044929397,0.044929397,,
KarinaMandell,245,353,62,0.242590267,411,1.440816327,3.951612903,5.39242923,176,235,0.301668806,0.301668806,,
ElizabethAOwens,184,908,426,0.31314019,368,4.934782609,0.431924883,5.366707491,177,191,0.245186136,0.245186136,,
Jacoon46,1795,2233,436,1.722672457,149,1.244011142,4.116972477,5.360983619,178,-29,-0.037227214,0.037227214,,
CaseycVT,676,1001,175,0.664303122,267,1.480769231,3.862857143,5.343626374,179,88,0.11296534,0.11296534,,
RonniEmden,3,16,399,0.059870397,660,5.333333333,0.007518797,5.34085213,180,480,0.616174583,0.616174583,,
mstricialane,502,889,141,0.508648528,297,1.770916335,3.560283688,5.331200023,181,116,0.148908858,0.148908858,,
PAashmi,503,635,125,0.483380851,308,1.262425447,4.024,5.286425447,182,126,0.161745828,0.161745828,,
CurvedDesign,598,2306,422,0.775457552,248,3.856187291,1.417061611,5.273248902,183,65,0.083440308,0.083440308,,
Official___mo,16901,23184,4408,16.42739396,21,1.371753151,3.834165154,5.205918305,184,-163,-0.209242619,0.209242619,,
C_TooDope,4583,5928,1179,4.40606478,66,1.293475889,3.887192536,5.180668425,185,-119,-0.152759949,0.152759949,,
WilliamNProtege,3093,4185,821,3.02552262,99,1.353055286,3.767356882,5.120412168,186,-87,-0.111681643,0.111681643,,
ourtheatrething,1,5,13,0.003024623,778,5,0.076923077,5.076923077,187,591,0.758664955,0.758664955,,
tracy9597,181,242,49,0.176395957,474,1.337016575,3.693877551,5.030894126,188,286,0.367137356,0.367137356,,
queen_lauren_,1,5,534,0.073698562,624,5,0.001872659,5.001872659,189,435,0.558408216,0.558408216,,
VelvaStoval,3,6,1,0.005559822,774,2,3,5,190,584,0.749679076,0.749679076,,
ricparaiso,311,776,127,0.341657585,353,2.495176849,2.448818898,4.943995747,191,162,0.207958922,0.207958922,,
TaritaC,2431,2689,645,2.317305487,115,1.106129165,3.768992248,4.875121413,192,-77,-0.098844673,0.098844673,,
dayzee___,55,255,406,0.118923984,551,4.636363636,0.13546798,4.771831617,193,358,0.459563543,0.459563543,,
mackobreezy,2272,2285,613,2.134571,126,1.005721831,3.706362153,4.712083984,194,-68,-0.087291399,0.087291399,,
TheStevenPalmer,1380,2223,451,1.386346885,167,1.610869565,3.059866962,4.670736528,195,-28,-0.035943517,0.035943517,,
Terence_da_AMOG,1312,3408,647,1.454382554,161,2.597560976,2.027820711,4.625381687,196,-35,-0.044929397,0.044929397,,
DeVanTheMan,921,1635,324,0.943754865,222,1.7752443,2.842592593,4.617836892,197,25,0.032092426,0.032092426,,
skonesam,217,627,128,0.251567422,406,2.889400922,1.6953125,4.584713422,198,208,0.267008986,0.267008986,,
Dimasamid77,41,159,59,0.058721231,662,3.87804878,0.694915254,4.572964035,199,463,0.594351733,0.594351733,,
youandmebolth,68,272,123,0.099541871,579,4,0.552845528,4.552845528,200,379,0.486521181,0.486521181,,
PatiWoodburn,9004,10180,2650,8.587573221,38,1.130608618,3.397735849,4.528344467,201,-163,-0.209242619,0.209242619,,
copsspouse,1253,1868,416,1.246523316,179,1.490822027,3.012019231,4.502841258,202,-23,-0.029525032,0.029525032,,
EmilyVagabond,1214,1010,331,1.120690837,205,0.831960461,3.667673716,4.499634177,203,2,0.002567394,0.002567394,,
Carly_Madison__,2786,2921,811,2.661719527,109,1.048456569,3.435265105,4.483721673,204,-95,-0.12195122,0.12195122,,
MsIrreverent,327,302,92,0.307855706,370,0.923547401,3.554347826,4.477895227,205,165,0.211810013,0.211810013,,
MDHillRaiser,4122,8854,1777,4.370170279,67,2.147986414,2.319639842,4.467626257,206,-139,-0.17843389,0.17843389,,
melissamiller74,123,369,93,0.163099184,487,3,1.322580645,4.322580645,207,280,0.359435173,0.359435173,,
Jennamegzz,5140,5785,1610,4.902144776,61,1.125486381,3.192546584,4.318032965,208,-147,-0.188703466,0.188703466,,
MercyHospitalFS,21,17,6,0.019942049,746,0.80952381,3.5,4.30952381,209,537,0.689345315,0.689345315,,
Kennah_Rene,983,1765,392,1.016193751,217,1.795523906,2.507653061,4.303176968,210,7,0.008985879,0.008985879,,
winters53,30,118,82,0.06437364,652,3.933333333,0.365853659,4.299186992,211,441,0.566110398,0.566110398,,
daisyperalta9,2983,5456,1217,3.099242045,94,1.829031177,2.451109285,4.280140462,212,-118,-0.151476252,0.151476252,,
Chris_Zinicola,4,17,245,0.041443866,702,4.25,0.016326531,4.266326531,213,489,0.627727856,0.627727856,,
leone_law,186,284,68,0.190086196,459,1.52688172,2.735294118,4.262175838,214,245,0.314505777,0.314505777,,
DebRey2014,1450,2511,579,1.482406034,158,1.731724138,2.504317789,4.236041927,215,-57,-0.073170732,0.073170732,,
xio_1D,286,1003,413,0.389417684,332,3.506993007,0.692493947,4.199486954,216,116,0.148908858,0.148908858,,
DTCahill,8077,22158,5670,9.308927831,34,2.743345301,1.424514991,4.167860293,217,-183,-0.23491656,0.23491656,,
Phaedrus08,716,1052,266,0.717469928,260,1.469273743,2.691729323,4.161003066,218,42,0.053915276,0.053915276,,
jakebebber,838,967,279,0.811944387,240,1.153937947,3.003584229,4.157522177,219,21,0.026957638,0.026957638,,
AngieBraden2,77,159,37,0.086458209,597,2.064935065,2.081081081,4.146016146,220,377,0.483953787,0.483953787,,
JJaffa,286,1003,458,0.414431226,326,3.506993007,0.624454148,4.131447155,221,105,0.13478819,0.13478819,,
jimhen68,873,942,292,0.832047684,237,1.079037801,2.989726027,4.068763828,222,15,0.019255456,0.019255456,,
Pancho051,746,1209,308,0.756600312,252,1.620643432,2.422077922,4.042721354,223,29,0.037227214,0.037227214,,
SueMentors,1561,3394,839,1.699078442,151,2.174247277,1.860548272,4.034795549,224,-73,-0.093709884,0.093709884,,
DerekSmalls13,792,1486,371,0.83127642,238,1.876262626,2.134770889,4.011033516,225,13,0.016688062,0.016688062,,
ergojessica,1,4,139,0.019731744,747,4,0.007194245,4.007194245,226,521,0.668806162,0.668806162,,
sixsexsixchris,1,4,312,0.039749383,704,4,0.003205128,4.003205128,227,477,0.612323492,0.612323492,,
kthagreat,2,8,720,0.091538191,591,4,0.002777778,4.002777778,228,363,0.465982028,0.465982028,,
ryancecil75,1,4,436,0.050679302,682,4,0.002293578,4.002293578,229,453,0.581514763,0.581514763,,
strait2016,1,4,628,0.07993146,612,4,0.001592357,4.001592357,230,382,0.490372272,0.490372272,,
baltimoresun,3,12,166670,17.5974364,17,4,1.79996E-05,4.000018,231,-214,-0.274711168,0.274711168,,
powderpuf106751,666,1013,269,0.688014199,263,1.521021021,2.475836431,3.996857452,232,31,0.039794608,0.039794608,,
jrbaltmd57,7578,16238,4237,8.20514275,41,2.142781737,1.78852962,3.931311357,233,-192,-0.246469833,0.246469833,,
Valdry5,37,122,59,0.050033408,685,3.297297297,0.627118644,3.924415941,234,451,0.578947368,0.578947368,,
Aegon_daConquer,33,125,251,0.071139858,631,3.787878788,0.131474104,3.919352891,235,396,0.508344031,0.508344031,,
KevinNovoa,50,190,432,0.122949387,545,3.8,0.115740741,3.915740741,236,309,0.396662388,0.396662388,,
naptowndognanny,137,126,46,0.133243254,526,0.919708029,2.97826087,3.897968899,237,289,0.370988447,0.370988447,,
410Trev,19,73,410,0.076812165,618,3.842105263,0.046341463,3.888446727,238,380,0.487804878,0.487804878,,
juan_montague,69,213,87,0.086789757,596,3.086956522,0.793103448,3.88005997,239,357,0.458279846,0.458279846,,
objectguerilla,1620,2160,639,1.592390031,155,1.333333333,2.535211268,3.868544601,240,-85,-0.109114249,0.109114249,,
JanieBlakely,1111,2128,570,1.182484576,191,1.915391539,1.949122807,3.864514346,241,-50,-0.064184852,0.064184852,,
frootwill,23,86,233,0.055855822,673,3.739130435,0.098712446,3.837842881,242,431,0.553273427,0.553273427,,
jerryzmuller,21,73,59,0.03075497,722,3.476190476,0.355932203,3.83212268,243,479,0.614890886,0.614890886,,
jcross33,339,355,127,0.330488423,358,1.04719764,2.669291339,3.716488979,244,114,0.146341463,0.146341463,,
WeCanOnlyHope,87,98,34,0.085904547,599,1.126436782,2.558823529,3.685260311,245,354,0.454428755,0.454428755,,
jerryyoyo,99,343,481,0.167237568,482,3.464646465,0.205821206,3.67046767,246,236,0.302952503,0.302952503,,
jawilloubh1gy,102,64,34,0.096548172,584,0.62745098,3,3.62745098,247,337,0.432605905,0.432605905,,
ReginaWise,28,95,135,0.053497541,679,3.392857143,0.207407407,3.60026455,248,431,0.553273427,0.553273427,,
EvelynVWoodsen,3899,7882,2497,4.176495833,69,2.021543986,1.561473769,3.583017754,249,-180,-0.231065469,0.231065469,,
bowflexx22,911,2184,776,1.032308525,213,2.397365532,1.173969072,3.571334605,250,-37,-0.047496791,0.047496791,,
Blue_MD,28,98,493,0.111931059,558,3.5,0.056795132,3.556795132,251,307,0.394094994,0.394094994,,
AG1Slim,3457,3425,1357,3.294926623,88,0.990743419,2.547531319,3.538274738,252,-164,-0.210526316,0.210526316,,
jeogul,2,7,61,0.009386474,768,3.5,0.032786885,3.532786885,253,515,0.661103979,0.661103979,,
JessiSheron,2,7,2651,0.303847222,374,3.5,0.000754432,3.500754432,254,120,0.154043646,0.154043646,,
emendblu,51,126,53,0.065215978,650,2.470588235,0.962264151,3.432852386,255,395,0.507060334,0.507060334,,
misseclectic,68,228,979,0.196007098,453,3.352941176,0.069458631,3.422399808,256,197,0.252888318,0.252888318,,
WillJackson10,2174,3177,1109,2.190177894,121,1.461361546,1.960324617,3.421686162,257,-136,-0.174582798,0.174582798,,
acobasi,2648,6068,2346,3.05184352,98,2.291540785,1.128729753,3.420270538,258,-160,-0.205391528,0.205391528,,
bigdaddytherry,2774,3014,1191,2.671868633,108,1.086517664,2.329135181,3.415652845,259,-151,-0.193838254,0.193838254,,
Flagship_AL,87,264,253,0.128722244,534,3.034482759,0.343873518,3.378356276,260,274,0.351732991,0.351732991,,
Aislinn_Dochas,6,20,247,0.037403312,708,3.333333333,0.024291498,3.357624831,261,447,0.57381258,0.57381258,,
SamiraSZN,3908,3909,1676,3.724842774,81,1.000255885,2.331742243,3.331998129,262,-181,-0.232349166,0.232349166,,
QCMCLLC,35,110,193,0.06566357,648,3.142857143,0.18134715,3.324204293,263,385,0.494223363,0.494223363,,
GuessWho002,1224,1987,728,1.267128909,177,1.623366013,1.681318681,3.304684694,264,-87,-0.111681643,0.111681643,,
bottomshelfbks,11,36,1878,0.257212255,403,3.272727273,0.005857295,3.278584568,265,138,0.177150193,0.177150193,,
BeavertonmhySp,79,75,34,0.07956782,613,0.949367089,2.323529412,3.2728965,266,347,0.445442875,0.445442875,,
mja004,9,29,235,0.050393295,684,3.222222222,0.038297872,3.260520095,267,417,0.535301669,0.535301669,,
brboria,30,86,82,0.04298917,700,2.866666667,0.365853659,3.232520325,268,432,0.554557125,0.554557125,,
DeevineDeesign,973,2276,1123,1.162153687,197,2.339157246,0.866429207,3.205586453,269,-72,-0.092426187,0.092426187,,
elbowr,69,114,46,0.077314742,617,1.652173913,1.5,3.152173913,270,347,0.445442875,0.445442875,,
pcresslertech,2228,2275,1046,2.184233904,122,1.021095153,2.13001912,3.151114273,271,-149,-0.19127086,0.19127086,,
Enjoneer01,5517,8732,3531,5.703567557,54,1.582744245,1.562446899,3.145191144,272,-218,-0.279845956,0.279845956,,
DelegateKaiser,517,1519,2584,0.857994823,234,2.938104449,0.200077399,3.138181848,273,-39,-0.050064185,0.050064185,,
TheAndyEps,141,293,136,0.157828839,495,2.078014184,1.036764706,3.11477889,274,221,0.283697047,0.283697047,,
aldenm3,4108,9143,4669,4.753517685,63,2.225657254,0.879845791,3.105503046,275,-212,-0.272143774,0.272143774,,
marcelineawhite,279,505,217,0.309793023,369,1.810035842,1.285714286,3.095750128,276,93,0.119383825,0.119383825,,
WomanhaAllison,576,693,305,0.573716333,284,1.203125,1.88852459,3.09164959,277,7,0.008985879,0.008985879,,
Me4Hillary,324,615,273,0.35333751,349,1.898148148,1.186813187,3.084961335,278,71,0.09114249,0.09114249,,
gnourtina,278,745,694,0.381999106,337,2.679856115,0.400576369,3.080432484,279,58,0.074454429,0.074454429,,
robertncheek,307,766,526,0.392973339,331,2.495114007,0.58365019,3.078764197,280,51,0.065468549,0.065468549,,
bellaatthebarn,123,292,177,0.151325714,500,2.37398374,0.694915254,3.068898994,281,219,0.281129653,0.281129653,,
MarcoForMD,112,219,101,0.123331335,544,1.955357143,1.108910891,3.064268034,282,262,0.336328626,0.336328626,,
todonoghueeee,717,1168,500,0.748137296,255,1.629009763,1.434,3.063009763,283,-28,-0.035943517,0.035943517,,
SangyeH,6480,14152,7412,7.445926227,43,2.183950617,0.87425796,3.058208577,284,-241,-0.309370988,0.309370988,,
uniongal,70,209,1009,0.196440457,452,2.985714286,0.069375619,3.055089905,285,167,0.214377407,0.214377407,,
Baseball4u,7,21,128,0.035535496,713,3,0.0546875,3.0546875,286,427,0.548138639,0.548138639,,
ErnstEtienne2,159,157,77,0.158132686,494,0.987421384,2.064935065,3.052356449,287,207,0.265725289,0.265725289,,
SkordilWobramop,20,59,240,0.051252248,680,2.95,0.083333333,3.033333333,288,392,0.503209243,0.503209243,,
sew_lois,351,327,168,0.337758525,356,0.931623932,2.089285714,3.020909646,289,67,0.086007702,0.086007702,,
SdotKells,7,21,364,0.067583077,642,3,0.019230769,3.019230769,290,352,0.451861361,0.451861361,,
RiskAlert,4045,5340,2381,4.086648303,74,1.320148331,1.698866023,3.019014354,291,-217,-0.278562259,0.278562259,,
ambertherunner,2,6,156,0.023494334,739,3,0.012820513,3.012820513,292,447,0.57381258,0.57381258,,
HowardFB_Family,2,6,160,0.021556419,743,3,0.0125,3.0125,293,450,0.577663671,0.577663671,,
caffeine_driven,3,9,262,0.036596531,710,3,0.011450382,3.011450382,294,416,0.534017972,0.534017972,,
byetyler,5,15,9637,1.020356733,216,3,0.000518834,3.000518834,295,-79,-0.101412067,0.101412067,,
LoyolaMaryland,3,9,11665,1.229467254,183,3,0.00025718,3.00025718,296,-113,-0.145057766,0.145057766,,
IndustriousPimp,1,3,47346,5.475685536,55,3,2.11211E-05,3.000021121,297,-242,-0.310654685,0.310654685,,
1WWeisKA,49,53,26,0.076267833,620,1.081632653,1.884615385,2.966248038,298,322,0.413350449,0.413350449,,
GeminiAPatterso,507,885,416,0.556611391,288,1.74556213,1.21875,2.96431213,299,-11,-0.014120668,0.014120668,,
emmacat65,24,70,538,0.105730555,569,2.916666667,0.044609665,2.961276332,300,269,0.345314506,0.345314506,,
JRMfootball,18,52,318,0.054909292,676,2.888888889,0.056603774,2.945492662,301,375,0.481386393,0.481386393,,
quattlebum,1824,2607,1208,1.86132424,138,1.429276316,1.509933775,2.939210091,302,-164,-0.210526316,0.210526316,,
meganadrienne,18,52,519,0.083586757,604,2.888888889,0.034682081,2.92357097,303,301,0.386392811,0.386392811,,
OmegaSean_,1985,1806,997,1.892939188,136,0.909823678,1.990972919,2.900796596,304,-168,-0.215661104,0.215661104,,
MDforHRC,62,176,1160,0.210641908,435,2.838709677,0.053448276,2.892157953,305,130,0.166880616,0.166880616,,
Joshua_Fannin,222,577,780,0.319642544,366,2.599099099,0.284615385,2.883714484,306,60,0.077021823,0.077021823,,
whitebaseblldad,430,1201,6204,1.125895609,204,2.793023256,0.069310123,2.862333378,307,-103,-0.132220796,0.132220796,,
ArwenEvenstar7,126,90,59,0.120755921,548,0.714285714,2.13559322,2.849878935,308,240,0.308087291,0.308087291,,
babygirlkaayyy,897,1026,529,0.888724715,232,1.143812709,1.695652174,2.839464883,309,-77,-0.098844673,0.098844673,,
aamnaasiddiqui,40,105,193,0.065600106,649,2.625,0.207253886,2.832253886,310,339,0.435173299,0.435173299,,
McDTwin2,48,133,948,0.172514491,479,2.770833333,0.050632911,2.821466245,311,168,0.215661104,0.215661104,,
WayneFlickinger,188,184,104,0.183460873,465,0.978723404,1.807692308,2.786415712,312,153,0.196405648,0.196405648,,
bayoubrat2011,8,22,401,0.065160609,651,2.75,0.019950125,2.769950125,313,338,0.433889602,0.433889602,,
frankcanfly,277,573,420,0.338605691,355,2.068592058,0.65952381,2.728115867,314,41,0.052631579,0.052631579,,
bgspalding,212,219,126,0.208898777,437,1.033018868,1.682539683,2.71555855,315,122,0.15661104,0.15661104,,
Kk_Cosmogirl,77,155,111,0.092978116,590,2.012987013,0.693693694,2.706680707,316,274,0.351732991,0.351732991,,
sophfigueroa,40,105,490,0.10363043,574,2.625,0.081632653,2.706632653,317,257,0.329910141,0.329910141,,
ktwilliams_,262,654,1323,0.42705921,323,2.496183206,0.198034769,2.694217976,318,5,0.006418485,0.006418485,,
shanniepanties_,560,1181,1006,0.673635846,266,2.108928571,0.55666004,2.665588611,319,-53,-0.068035944,0.068035944,,
ComplexLikeGod,4079,5732,3294,4.259240878,68,1.405246384,1.238312083,2.643558466,320,-252,-0.323491656,0.323491656,,
AcUhuru,144,322,354,0.192345065,455,2.236111111,0.406779661,2.642890772,321,134,0.172015404,0.172015404,,
cornax,1222,1104,708,1.174844043,195,0.903436989,1.725988701,2.629425689,322,-127,-0.163029525,0.163029525,,
elephant0382,37,85,117,0.054307098,677,2.297297297,0.316239316,2.613536614,323,354,0.454428755,0.454428755,,
isaacmeep,2243,2076,1341,2.160285601,124,0.925546144,1.672632364,2.598178507,324,-200,-0.256739409,0.256739409,,
LisaBee_C,897,1026,620,0.895981652,229,1.143812709,1.446774194,2.590586903,325,-96,-0.123234917,0.123234917,,
CoachMikeJudge,12,31,1718,0.211186468,434,2.583333333,0.006984866,2.590318199,326,108,0.138639281,0.138639281,,
XoxoEmon,246,177,135,0.23217635,419,0.719512195,1.822222222,2.541734417,327,92,0.118100128,0.118100128,,
BillFanningJr,144,93,77,0.135461239,523,0.645833333,1.87012987,2.515963203,328,195,0.250320924,0.250320924,,
InfidelGal,64,142,217,0.094472375,586,2.21875,0.294930876,2.513680876,329,257,0.329910141,0.329910141,,
HeyItsBrookii,4,10,2398,0.270891655,398,2.5,0.001668057,2.501668057,330,68,0.087291399,0.087291399,,
Lovely_Faee,2,5,1699,0.215871963,431,2.5,0.001177163,2.501177163,331,100,0.128369705,0.128369705,,
DamnGirlMelanie,4,10,5303,0.621527774,274,2.5,0.00075429,2.50075429,332,-58,-0.074454429,0.074454429,,
nahkohl,54,128,480,0.112048387,557,2.37037037,0.1125,2.48287037,333,224,0.287548139,0.287548139,,
_BurnOneQUE,519,1103,1466,0.721615937,259,2.125240848,0.354024557,2.479265404,334,-75,-0.096277279,0.096277279,,
ThePoppaJ,1050,1865,1517,1.236626449,182,1.776190476,0.69215557,2.468346046,335,-153,-0.196405648,0.196405648,,
BelleAvocat,246,249,169,0.246400854,407,1.012195122,1.455621302,2.467816424,336,71,0.09114249,0.09114249,,
masnOrioles,27,66,94305,9.916095653,33,2.444444444,0.000286305,2.44473075,337,-304,-0.390243902,0.390243902,,
Tha_BoX,972,860,630,0.950142022,220,0.884773663,1.542857143,2.427630805,338,-118,-0.151476252,0.151476252,,
jacobitweet,541,844,627,0.604877174,277,1.560073937,0.862838915,2.422912853,339,-62,-0.079589217,0.079589217,,
1004_366,1036,1177,807,1.068924201,209,1.136100386,1.283767038,2.419867425,340,-131,-0.168164313,0.168164313,,
BrianGefrich,49,115,755,0.137778669,519,2.346938776,0.064900662,2.411839438,341,178,0.228498074,0.228498074,,
dougaus,273,445,351,0.322047115,364,1.63003663,0.777777778,2.407814408,342,22,0.028241335,0.028241335,,
Kenia5sosfam,984,1992,2568,1.293283799,174,2.024390244,0.38317757,2.407567814,343,-169,-0.216944801,0.216944801,,
BiggDreams_717,1116,2086,2104,1.333392509,173,1.869175627,0.530418251,2.399593878,344,-171,-0.219512195,0.219512195,,
crtconsu,1394,1634,1139,1.416617026,163,1.172166428,1.223880597,2.396047025,345,-182,-0.233632863,0.233632863,,
alrightdebora,3644,5119,3695,3.829214732,78,1.404774973,0.986197564,2.390972537,346,-268,-0.344030809,0.344030809,,
lightkatja,861,176,394,0.760229405,251,0.204413473,2.185279188,2.389692661,347,-96,-0.123234917,0.123234917,,
GigiTracyXO,2529,4710,4831,3.097935622,95,1.862396204,0.523494101,2.385890305,348,-253,-0.324775353,0.324775353,,
MDprep,84,142,121,0.098081081,582,1.69047619,0.694214876,2.384691067,349,233,0.299101412,0.299101412,,
N2Positivity,152,249,204,0.177914401,472,1.638157895,0.745098039,2.383255934,350,122,0.15661104,0.15661104,,
victoriaalissia,338,676,890,0.438582621,317,2,0.379775281,2.379775281,351,-34,-0.0436457,0.0436457,,
LindaLouwalters,213,321,245,0.234095301,418,1.507042254,0.869387755,2.376430009,352,66,0.084724005,0.084724005,,
Orinthical,17,40,1227,0.170859088,480,2.352941176,0.013854931,2.366796107,353,127,0.163029525,0.163029525,,
typhoonjim,3,7,133,0.025606245,734,2.333333333,0.022556391,2.355889724,354,380,0.487804878,0.487804878,,
Nicks_Aunt2008,3,7,193,0.03532621,714,2.333333333,0.015544041,2.348877375,355,359,0.46084724,0.46084724,,
ahmadmzaghal,512,958,1122,0.648808526,271,1.87109375,0.456327986,2.327421736,356,-85,-0.109114249,0.109114249,,
Peter4Cruz,1422,1771,1328,1.474165199,160,1.245428973,1.070783133,2.316212106,357,-197,-0.252888318,0.252888318,,
HasanQau,31,64,129,0.050471622,683,2.064516129,0.240310078,2.304826207,358,325,0.41720154,0.41720154,,
L_Wave001,35,80,1842,0.27294802,397,2.285714286,0.019001086,2.304715371,359,38,0.048780488,0.048780488,,
nkirby,1247,856,771,1.178035791,194,0.686447474,1.617380026,2.3038275,360,-166,-0.21309371,0.21309371,,
BLANKENSHIP007,3,6,10,0.004607678,777,2,0.3,2.3,361,416,0.534017972,0.534017972,,
BYCYoga,32,72,692,0.130058203,532,2.25,0.046242775,2.296242775,362,170,0.218228498,0.218228498,,
janstevson1,126,233,299,0.163386722,485,1.849206349,0.421404682,2.270611031,363,122,0.15661104,0.15661104,,
valshantal,19,43,2666,0.297874102,376,2.263157895,0.007126782,2.270284676,364,12,0.015404365,0.015404365,,
_lulbanks,38,81,294,0.075294244,622,2.131578947,0.129251701,2.260830648,365,257,0.329910141,0.329910141,,
vickieleni,35,71,167,0.05569606,674,2.028571429,0.209580838,2.238152267,366,308,0.395378691,0.395378691,,
spdgtkt87,85,175,499,0.146212241,507,2.058823529,0.170340681,2.229164211,367,140,0.179717587,0.179717587,,
EdAsante77,24,53,3854,0.43615287,320,2.208333333,0.006227296,2.21456063,368,-48,-0.061617458,0.061617458,,
rachellnnicole1,38,81,640,0.119414878,550,2.131578947,0.059375,2.190953947,369,181,0.232349166,0.232349166,,
ChillyReefa,1097,1316,1113,1.148881075,200,1.199635369,0.985624438,2.185259808,370,-170,-0.218228498,0.218228498,,
StraightUpClevs,398,319,288,0.385471508,335,0.801507538,1.381944444,2.183451982,371,-36,-0.046213094,0.046213094,,
DavidPontious,12,26,811,0.103630385,575,2.166666667,0.014796547,2.181463214,372,203,0.260590501,0.260590501,,
MikeHersh,4743,6475,5840,5.16868551,60,1.365169724,0.812157534,2.177327258,373,-313,-0.401797176,0.401797176,,
AndreaDior,407,760,1334,0.552613897,290,1.867321867,0.305097451,2.172419319,374,-84,-0.107830552,0.107830552,,
WBCBowie,18,39,3218,0.407821591,327,2.166666667,0.005593536,2.172260203,375,-48,-0.061617458,0.061617458,,
charlesmurray,30,65,21087,2.224943557,119,2.166666667,0.001422677,2.168089344,376,-257,-0.329910141,0.329910141,,
ReubenBaysrk,28,23,21,0.029761954,728,0.821428571,1.333333333,2.154761905,377,351,0.450577664,0.450577664,,
JanetMenke,678,998,1001,0.765594529,249,1.471976401,0.677322677,2.149299079,378,-129,-0.165596919,0.165596919,,
ashergoeshard,54,108,384,0.108596912,564,2,0.140625,2.140625,379,185,0.237483954,0.237483954,,
BobbyLibby,39,79,354,0.094056791,587,2.025641026,0.110169492,2.135810517,380,207,0.265725289,0.265725289,,
daisyroisin,265,302,268,0.28414531,385,1.139622642,0.98880597,2.128428612,381,4,0.005134788,0.005134788,,
RealSteveClark,187,183,163,0.191306264,457,0.978609626,1.147239264,2.125848889,382,75,0.096277279,0.096277279,,
DCSoljaGurl,1392,1770,1647,1.516350354,157,1.271551724,0.845173042,2.116724766,383,-226,-0.290115533,0.290115533,,
Cowboysnation09,21,44,1245,0.195620561,454,2.095238095,0.01686747,2.112105565,384,70,0.089858793,0.089858793,,
daria_rylkova,47,61,58,0.055571352,675,1.29787234,0.810344828,2.108217168,385,290,0.372272144,0.372272144,,
ScorpTaurusSag,146,258,436,0.205214815,441,1.767123288,0.334862385,2.101985673,386,55,0.070603338,0.070603338,,
rockbands5151,13,27,1828,0.283028901,386,2.076923077,0.007111597,2.084034674,387,-1,-0.001283697,0.001283697,,
dcestates,1305,1708,1688,1.434125856,162,1.308812261,0.773104265,2.081916526,388,-226,-0.290115533,0.290115533,,
MrsBKidd,63,85,86,0.069565889,636,1.349206349,0.73255814,2.081764489,389,247,0.317073171,0.317073171,,
MackiedaColada,304,497,703,0.377972423,339,1.634868421,0.432432432,2.067300853,390,-51,-0.065468549,0.065468549,,
NoFuckingWayHx,1280,1638,1633,1.404855041,165,1.2796875,0.783833435,2.063520935,391,-226,-0.290115533,0.290115533,,
magenta511,1,2,16,0.004680028,776,2,0.0625,2.0625,392,384,0.492939666,0.492939666,,
FistThingsFirst,104,177,290,0.147998882,506,1.701923077,0.35862069,2.060543767,393,113,0.145057766,0.145057766,,
nanaware1,296,523,1015,0.438486752,318,1.766891892,0.291625616,2.058517508,394,-76,-0.097560976,0.097560976,,
ZRmeditate42rc,1,2,18,0.017454745,751,2,0.055555556,2.055555556,395,356,0.456996149,0.456996149,,
boujxo,203,400,2390,0.492173248,304,1.97044335,0.084937238,2.055380588,396,-92,-0.118100128,0.118100128,,
pauleddyjr,2,4,39,0.007356393,771,2,0.051282051,2.051282051,397,374,0.480102696,0.480102696,,
sgall70,2,4,61,0.012373199,763,2,0.032786885,2.032786885,398,365,0.468549422,0.468549422,,
SeedBurt,4,8,128,0.047706054,688,2,0.03125,2.03125,399,289,0.370988447,0.370988447,,
MRKokoski,2,4,87,0.017095113,752,2,0.022988506,2.022988506,400,352,0.451861361,0.451861361,,
CynicLady,1,2,79,0.011780898,764,2,0.012658228,2.012658228,401,363,0.465982028,0.465982028,,
meganburton51,3,6,271,0.047134872,691,2,0.011070111,2.011070111,402,289,0.370988447,0.370988447,,
brizzyyy_,6,12,907,0.108858408,563,2,0.006615215,2.006615215,403,160,0.205391528,0.205391528,,
terematthews,71,61,62,0.072508889,627,0.85915493,1.14516129,2.00431622,404,223,0.286264442,0.286264442,,
bbunch56,1,2,247,0.029813629,726,2,0.004048583,2.004048583,405,321,0.412066752,0.412066752,,
yung_niceguy,1,2,254,0.031251436,721,2,0.003937008,2.003937008,406,315,0.40436457,0.40436457,,
maryfrancisperu,1,2,277,0.036327737,712,2,0.003610108,2.003610108,407,305,0.391527599,0.391527599,,
KHABBAB_,2,4,689,0.08332952,605,2,0.002902758,2.002902758,408,197,0.252888318,0.252888318,,
byelin,1,2,467,0.076140561,621,2,0.002141328,2.002141328,409,212,0.272143774,0.272143774,,
LegitOven_,1,2,483,0.060062765,659,2,0.002070393,2.002070393,410,249,0.319640565,0.319640565,,
StoryHobbit,2,4,1073,0.136527311,520,2,0.001863933,2.001863933,411,109,0.139922978,0.139922978,,
LexiGiardina,1,2,658,0.080132785,611,2,0.001519757,2.001519757,412,199,0.255455712,0.255455712,,
BrianGriffiths,3,6,2234,0.251715204,404,2,0.001342883,2.001342883,413,-9,-0.011553273,0.011553273,,
GoucherPoll,1,2,823,0.134888464,524,2,0.001215067,2.001215067,414,110,0.141206675,0.141206675,,
YaTu_Chavez,1,2,841,0.099635226,578,2,0.001189061,2.001189061,415,163,0.209242619,0.209242619,,
edaclumd,1,2,956,0.110318326,560,2,0.001046025,2.001046025,416,144,0.184852375,0.184852375,,
connor_guercio,1,2,1059,0.125816035,540,2,0.000944287,2.000944287,417,123,0.157894737,0.157894737,,
TheHispanicOne,1,2,1195,0.140657136,514,2,0.00083682,2.00083682,418,96,0.123234917,0.123234917,,
crazypastor,3,6,4853,0.529250775,294,2,0.000618174,2.000618174,419,-125,-0.160462131,0.160462131,,
TheRobGoldberg,1,2,1830,0.201705517,449,2,0.000546448,2.000546448,420,29,0.037227214,0.037227214,,
SaGaMuk,2,4,3751,0.416174322,325,2,0.000533191,2.000533191,421,-96,-0.123234917,0.123234917,,
WilliamPhysics,1,2,2853,0.388882388,333,2,0.000350508,2.000350508,422,-89,-0.114249037,0.114249037,,
ifiwasperfect,1,2,5326,0.571295232,285,2,0.000187758,2.000187758,423,-138,-0.177150193,0.177150193,,
wbalradio,1,2,55939,5.895405436,50,2,1.78766E-05,2.000017877,424,-374,-0.480102696,0.480102696,,
HotChoc1217,33,64,655,0.113720324,555,1.939393939,0.050381679,1.989775619,425,130,0.166880616,0.166880616,,
TaylerDukes,520,902,2224,0.811327072,241,1.734615385,0.23381295,1.968428334,426,-185,-0.237483954,0.237483954,,
BigLIL17,31,45,60,0.038372286,706,1.451612903,0.516666667,1.96827957,427,279,0.358151476,0.358151476,,
RJConnally97,167,227,278,0.19053889,458,1.359281437,0.600719424,1.960000862,428,30,0.038510911,0.038510911,,
meechie2_,31,60,1699,0.23862775,415,1.935483871,0.018246027,1.953729898,429,-14,-0.017971759,0.017971759,,
johnxhicks,348,513,730,0.424461573,324,1.474137931,0.476712329,1.95085026,430,-106,-0.136071887,0.136071887,,
HuShuo,550,624,680,0.595996593,280,1.134545455,0.808823529,1.943368984,431,-151,-0.193838254,0.193838254,,
nanofino,514,294,377,0.509625695,296,0.571984436,1.363395225,1.935379661,432,-136,-0.174582798,0.174582798,,
1amwoman,330,393,444,0.366773346,343,1.190909091,0.743243243,1.934152334,433,-90,-0.115532734,0.115532734,,
pkni,987,1354,1774,1.166567046,196,1.37183384,0.556369786,1.928203626,434,-238,-0.305519897,0.305519897,,
Mickelinc,183,237,294,0.206678217,438,1.295081967,0.62244898,1.917530947,435,3,0.003851091,0.003851091,,
sonicyouth420,502,259,364,0.481527452,309,0.515936255,1.379120879,1.895057134,436,-127,-0.163029525,0.163029525,,
kdberr1,116,151,196,0.138762665,518,1.301724138,0.591836735,1.893560873,437,81,0.103979461,0.103979461,,
Ambizzleeee,2051,2013,2251,2.120992951,127,0.981472452,0.9111506,1.892623052,438,-311,-0.399229782,0.399229782,,
mrsmediamom,113,198,865,0.243792574,409,1.752212389,0.130635838,1.882848228,439,-30,-0.038510911,0.038510911,,
RiotGrrrlRiki,105,162,311,0.152493984,499,1.542857143,0.337620579,1.880477722,440,59,0.075738126,0.075738126,,
undeuxtroiscat,607,878,1527,0.742446221,256,1.44645799,0.39751146,1.84396945,441,-185,-0.237483954,0.237483954,,
dcoviello1,511,600,765,0.588957266,281,1.174168297,0.667973856,1.842142154,442,-161,-0.206675225,0.206675225,,
pgfflinda,122,212,1182,0.286222128,383,1.737704918,0.10321489,1.840919808,443,-60,-0.077021823,0.077021823,,
nazmatikk,156,122,148,0.162881288,488,0.782051282,1.054054054,1.836105336,444,44,0.05648267,0.05648267,,
UberGrump,492,516,627,0.524602982,295,1.048780488,0.784688995,1.833469483,445,-150,-0.192554557,0.192554557,,
_Cheesy,16,29,765,0.106840368,567,1.8125,0.020915033,1.833415033,446,121,0.155327343,0.155327343,,
nayasala,673,893,1329,0.814710415,239,1.326894502,0.506395786,1.833290289,447,-208,-0.267008986,0.267008986,,
ketchem308,132,191,345,0.172935298,478,1.446969697,0.382608696,1.829578393,448,30,0.038510911,0.038510911,,
seadawg14,90,89,108,0.098196446,581,0.988888889,0.833333333,1.822222222,449,132,0.16944801,0.16944801,,
ctsmith580,787,932,1241,0.893588135,231,1.184243964,0.634165995,1.81840996,450,-219,-0.281129653,0.281129653,,
ApothecaryJeri,223,392,8004,1.221316681,184,1.757847534,0.027861069,1.785708603,451,-267,-0.342747112,0.342747112,,
Visionaryck,250,291,403,0.281040257,389,1.164,0.620347395,1.784347395,452,-63,-0.080872914,0.080872914,,
justincholbrook,32,56,1056,0.163225338,486,1.75,0.03030303,1.78030303,453,33,0.042362003,0.042362003,,
GRIZZLYWOLFJN,13,23,2703,0.404568648,328,1.769230769,0.004809471,1.77404024,454,-126,-0.161745828,0.161745828,,
adiel_nemi,116,125,170,0.128552815,535,1.077586207,0.682352941,1.759939148,455,80,0.102695764,0.102695764,,
Jewlz_03,65,109,809,0.159230263,491,1.676923077,0.080346106,1.757269183,456,35,0.044929397,0.044929397,,
DrJananB,79,93,137,0.088624149,595,1.17721519,0.576642336,1.753857526,457,138,0.177150193,0.177150193,,
oliviakepners,31,53,779,0.114526952,554,1.709677419,0.039794608,1.749472028,458,96,0.123234917,0.123234917,,
soulamami,120,192,872,0.217102667,429,1.6,0.137614679,1.737614679,459,-30,-0.038510911,0.038510911,,
same_disease,86,112,198,0.10509047,570,1.302325581,0.434343434,1.736669016,460,110,0.141206675,0.141206675,,
MCITLFrAphorism,15,26,4624,0.495738464,303,1.733333333,0.003243945,1.736577278,461,-158,-0.202824134,0.202824134,,
tcysborg,18,29,155,0.045396056,695,1.611111111,0.116129032,1.727240143,462,233,0.299101412,0.299101412,,
I_AmNonso,1910,631,1370,1.765868175,144,0.330366492,1.394160584,1.724527076,463,-319,-0.409499358,0.409499358,,
FialkowPUNCH,59,91,327,0.116023359,552,1.542372881,0.180428135,1.722801016,464,88,0.11296534,0.11296534,,
2A_Scott,129,149,231,0.149156326,504,1.15503876,0.558441558,1.713480318,465,39,0.050064185,0.050064185,,
_bicycleSpace_,52,53,75,0.058240462,663,1.019230769,0.693333333,1.712564103,466,197,0.252888318,0.252888318,,
NAATty_boh,268,269,384,0.290080345,380,1.003731343,0.697916667,1.70164801,467,-87,-0.111681643,0.111681643,,
calv66,25,42,1910,0.267468993,400,1.68,0.013089005,1.693089005,468,-68,-0.087291399,0.087291399,,
D1jthomas448F,16,12,17,0.027129836,730,0.75,0.941176471,1.691176471,469,261,0.335044929,0.335044929,,
egoetschius,64,106,2255,0.343929382,350,1.65625,0.028381375,1.684631375,470,-120,-0.154043646,0.154043646,,
MasterkeyRD,12,20,4209,0.554159817,289,1.666666667,0.002851033,1.6695177,471,-182,-0.233632863,0.233632863,,
erickson_PRTeam,3,5,1658,0.286160641,384,1.666666667,0.001809409,1.668476076,472,-88,-0.11296534,0.11296534,,
mims,3,5,52252,5.460602167,56,1.666666667,5.74141E-05,1.666724081,473,-417,-0.535301669,0.535301669,,
DLN7527,31,50,593,0.105070936,571,1.612903226,0.05227656,1.665179786,474,97,0.124518614,0.124518614,,
aghogho_umukoro,245,140,226,0.239821312,413,0.571428571,1.084070796,1.655499368,475,-62,-0.079589217,0.079589217,,
Maryland1966,258,283,467,0.317029626,367,1.096899225,0.552462527,1.649361752,476,-109,-0.139922978,0.139922978,,
battchile,11,17,128,0.036883515,709,1.545454545,0.0859375,1.631392045,477,232,0.297817715,0.297817715,,
pathseekerken,105,160,1071,0.24426315,408,1.523809524,0.098039216,1.621848739,478,-70,-0.089858793,0.089858793,,
jas_12,107,154,605,0.173979841,477,1.439252336,0.176859504,1.616111841,479,-2,-0.002567394,0.002567394,,
TMSpanNyc,8,10,22,0.009952848,767,1.25,0.363636364,1.613636364,480,287,0.368421053,0.368421053,,
MaffewsMind,97,135,442,0.145277733,509,1.391752577,0.219457014,1.611209591,481,28,0.035943517,0.035943517,,
Sitramos7eE,13,12,19,0.029807366,727,0.923076923,0.684210526,1.607287449,482,245,0.314505777,0.314505777,,
DeftMunky,97,127,326,0.131797876,530,1.309278351,0.297546012,1.606824363,483,47,0.060333761,0.060333761,,
g4socalbiascx,3,4,11,0.025641912,733,1.333333333,0.272727273,1.606060606,484,249,0.319640565,0.319640565,,
_CarrieP,1201,1176,1931,1.337688787,172,0.979184013,0.621957535,1.601141548,485,-313,-0.401797176,0.401797176,,
s4ahh,42,56,161,0.06361449,653,1.333333333,0.260869565,1.594202899,486,167,0.214377407,0.214377407,,
xXnimbuXx,442,573,1485,0.577974876,283,1.29638009,0.297643098,1.594023188,487,-204,-0.261874198,0.261874198,,
obfuscurity,31,49,4212,0.476180038,312,1.580645161,0.007359924,1.588005085,488,-176,-0.22593068,0.22593068,,
TMSpanSeattle,8,10,24,0.010182854,766,1.25,0.333333333,1.583333333,489,277,0.355584082,0.355584082,,
royoung23,189,215,426,0.239709927,414,1.137566138,0.443661972,1.581228109,490,-76,-0.097560976,0.097560976,,
drpopue,11,17,327,0.057493305,666,1.545454545,0.033639144,1.579093689,491,175,0.224646983,0.224646983,,
TrishAlden,122,175,899,0.258662297,401,1.43442623,0.13570634,1.57013257,492,-91,-0.116816431,0.116816431,,
DeeybidJuarez,56,55,98,0.062088397,656,0.982142857,0.571428571,1.553571429,493,163,0.209242619,0.209242619,,
KeithEricBenson,500,443,768,0.543027612,291,0.886,0.651041667,1.537041667,494,-203,-0.260590501,0.260590501,,
DCMETROAFRICANS,189,284,13409,1.897331139,135,1.502645503,0.014095011,1.516740513,495,-360,-0.462130937,0.462130937,,
Marriott4Mayor,4,6,289,0.033875704,716,1.5,0.01384083,1.51384083,496,220,0.28241335,0.28241335,,
SvGPooh,2,3,395,0.047183754,690,1.5,0.005063291,1.505063291,497,193,0.24775353,0.24775353,,
emvidal,2,3,2788,0.333276556,357,1.5,0.00071736,1.50071736,498,-141,-0.181001284,0.181001284,,
Goldenpelt,83,52,95,0.086231431,598,0.626506024,0.873684211,1.500190235,499,99,0.127086008,0.127086008,,
captainrodes,158,200,681,0.224404127,426,1.265822785,0.232011747,1.497834532,500,-74,-0.094993582,0.094993582,,
gigabytemag,390,513,2159,0.642981308,272,1.315384615,0.180639185,1.4960238,501,-229,-0.293966624,0.293966624,,
RogerRiga,28,39,293,0.069492503,637,1.392857143,0.09556314,1.488420283,502,135,0.173299101,0.173299101,,
CThompsonGeorge,17,25,1414,0.229401389,423,1.470588235,0.012022631,1.482610866,503,-80,-0.102695764,0.102695764,,
mugwort13,55,64,175,0.072772158,626,1.163636364,0.314285714,1.477922078,504,122,0.15661104,0.15661104,,
MichaelAWoodJr,1310,1859,24283,3.765042861,79,1.419083969,0.053947206,1.473031175,505,-426,-0.546854942,0.546854942,,
304TheRevTJ,334,407,1337,0.478887358,310,1.218562874,0.249813014,1.468375888,506,-196,-0.251604621,0.251604621,,
patfo49,191,264,2511,0.5018838,299,1.382198953,0.076065313,1.458264266,507,-208,-0.267008986,0.267008986,,
TheRealMaeBarid,686,793,2308,0.903321602,228,1.155976676,0.297227036,1.453203713,508,-280,-0.359435173,0.359435173,,
__thejakewhiten,71,71,159,0.084932064,602,1,0.446540881,1.446540881,509,93,0.119383825,0.119383825,,
MMPRKrissi,198,106,220,0.201627619,450,0.535353535,0.9,1.435353535,510,-60,-0.077021823,0.077021823,,
gashwiniyer,59,69,224,0.08199658,607,1.169491525,0.263392857,1.432884383,511,96,0.123234917,0.123234917,,
Polanchrist,7,10,1741,0.201868275,448,1.428571429,0.004020678,1.432592106,512,-64,-0.082156611,0.082156611,,
liIstrawbaby,97,129,1001,0.203115273,445,1.329896907,0.096903097,1.426800004,513,-68,-0.087291399,0.087291399,,
Willy__JK,268,269,657,0.343512675,352,1.003731343,0.407914764,1.411646107,514,-162,-0.207958922,0.207958922,,
rleejeffrey,118,138,488,0.166839241,483,1.169491525,0.241803279,1.411294804,515,-32,-0.041078306,0.041078306,,
Takviri,100,129,854,0.203201057,444,1.29,0.117096019,1.407096019,516,-72,-0.092426187,0.092426187,,
redhoyt,103,99,232,0.122920166,546,0.961165049,0.443965517,1.405130566,517,29,0.037227214,0.037227214,,
fourez_,333,304,679,0.383629846,336,0.912912913,0.490427099,1.403340012,518,-182,-0.233632863,0.233632863,,
AKATriple,15,21,5203,0.660566907,269,1.4,0.002882952,1.402882952,519,-250,-0.320924262,0.320924262,,
welcome_2KBToys,114,150,1498,0.290531769,379,1.315789474,0.076101469,1.391890942,520,-141,-0.181001284,0.181001284,,
tomkimbis,32,44,2233,0.267889868,399,1.375,0.014330497,1.389330497,521,-122,-0.15661104,0.15661104,,
Federalist,50,62,335,0.104599601,572,1.24,0.149253731,1.389253731,522,50,0.064184852,0.064184852,,
March_Aries22,83,103,578,0.183534697,464,1.240963855,0.143598616,1.384562471,523,-59,-0.075738126,0.075738126,,
CaffreyEj,224,296,3578,0.654589669,270,1.321428571,0.062604807,1.384033379,524,-254,-0.32605905,0.32605905,,
KashaanMuhammad,858,760,1732,1.001425986,218,0.885780886,0.495381062,1.381161948,525,-307,-0.394094994,0.394094994,,
prettyliljordyn,472,576,2960,0.807477971,242,1.220338983,0.159459459,1.379798443,526,-284,-0.364569961,0.364569961,,
Tav_XCVI,411,400,1012,0.49685708,302,0.97323601,0.406126482,1.379362492,527,-225,-0.288831836,0.288831836,,
dejae02,442,369,814,0.499026659,300,0.834841629,0.542997543,1.377839172,528,-228,-0.292682927,0.292682927,,
ghostcat56,511,626,3424,0.90506738,227,1.225048924,0.149240654,1.374289578,529,-302,-0.387676508,0.387676508,,
marisah1997,91,108,494,0.140914311,512,1.186813187,0.184210526,1.371023713,530,-18,-0.023106547,0.023106547,,
WPJohnWagner,19,26,10147,1.15663021,199,1.368421053,0.001872475,1.370293527,531,-332,-0.42618742,0.42618742,,
i_DomiNATEE,88,102,427,0.141086108,511,1.159090909,0.206088993,1.365179902,532,-21,-0.026957638,0.026957638,,
47abc,17,23,7283,0.803645128,243,1.352941176,0.002334203,1.355275379,533,-290,-0.372272144,0.372272144,,
_JDTheJunior_,56,75,4370,0.602743235,278,1.339285714,0.012814645,1.35210036,534,-256,-0.328626444,0.328626444,,
DaveWeissglass,116,135,617,0.234958376,417,1.163793103,0.188006483,1.351799586,535,-118,-0.151476252,0.151476252,,
Delo_Taylor,986,1209,8179,1.824510514,139,1.226166329,0.120552635,1.346718963,536,-397,-0.509627728,0.509627728,,
Hardesty131737,6,8,534,0.084676292,603,1.333333333,0.011235955,1.344569288,537,66,0.084724005,0.084724005,,
00xDoma,19,25,758,0.110045759,561,1.315789474,0.025065963,1.340855437,538,23,0.029525032,0.029525032,,
Bill381987,1196,1319,5054,1.732401234,147,1.102842809,0.236644242,1.339487052,539,-392,-0.503209243,0.503209243,,
morgmeneshets,3,4,2227,0.282930929,387,1.333333333,0.001347104,1.334680437,540,-153,-0.196405648,0.196405648,,
GrimSoftware,81,90,363,0.125531976,541,1.111111111,0.223140496,1.334251607,541,0,0,0,,
FrankBonsal,3,4,11566,1.238746269,181,1.333333333,0.000259381,1.333592714,542,-361,-0.463414634,0.463414634,,
DabneyPorte,3,4,61483,7.380283006,44,1.333333333,4.8794E-05,1.333382127,543,-499,-0.640564827,0.640564827,,
renmicpa,73,94,1766,0.304231359,372,1.287671233,0.041336353,1.329007586,544,-172,-0.220795892,0.220795892,,
jesslynbryant,105,112,424,0.150712757,503,1.066666667,0.247641509,1.314308176,545,-42,-0.053915276,0.053915276,,
jjgravitas,47,56,393,0.094867762,585,1.191489362,0.119592875,1.311082237,546,39,0.050064185,0.050064185,,
benjancewicz,60,77,2429,0.320976896,365,1.283333333,0.024701523,1.308034857,547,-182,-0.233632863,0.233632863,,
Smilingl8dy,899,941,3466,1.261081844,178,1.046718576,0.259376803,1.306095379,548,-370,-0.474967908,0.474967908,,
Blackistone93,132,137,500,0.183208139,466,1.037878788,0.264,1.301878788,549,-83,-0.106546855,0.106546855,,
zenyatta1411,7,9,473,0.066964779,644,1.285714286,0.014799154,1.30051344,550,94,0.120667522,0.120667522,,
libjamesbond007,1198,923,2270,1.343995301,171,0.770450751,0.527753304,1.298204055,551,-380,-0.487804878,0.487804878,,
Davey_Divito,582,567,1809,0.748886099,254,0.974226804,0.32172471,1.295951514,552,-298,-0.38254172,0.38254172,,
LRLawless,46,40,110,0.056756603,668,0.869565217,0.418181818,1.287747036,553,115,0.14762516,0.14762516,,
patrick19602005,4,5,168,0.030025852,725,1.25,0.023809524,1.273809524,554,171,0.219512195,0.219512195,,
caribouwireless,127,119,384,0.188810726,461,0.937007874,0.330729167,1.267737041,555,-94,-0.120667522,0.120667522,,
EdWeekTeacher,15,19,216576,22.57055454,12,1.266666667,6.92598E-05,1.266735926,556,-544,-0.698331194,0.698331194,,
_BitchImTatted_,191,217,1484,0.358663209,346,1.136125654,0.128706199,1.264831854,557,-211,-0.270860077,0.270860077,,
QACremodel,628,703,4433,1.120635673,206,1.119426752,0.141664787,1.261091538,558,-352,-0.451861361,0.451861361,,
DadJokeCinema,21,21,83,0.033152219,719,1,0.253012048,1.253012048,559,160,0.205391528,0.205391528,,
TouchyAli,29,36,2729,0.325973808,360,1.24137931,0.010626603,1.252005913,560,-200,-0.256739409,0.256739409,,
kp9409,231,244,1215,0.380778877,338,1.056277056,0.190123457,1.246400513,561,-223,-0.286264442,0.286264442,,
DunkTheJunkFood,5,6,3452,0.450253392,316,1.2,0.001448436,1.201448436,562,-246,-0.315789474,0.315789474,,
MD_for_Bernie,83,92,920,0.182683476,467,1.108433735,0.090217391,1.198651126,563,-96,-0.123234917,0.123234917,,
Maryland4Trump,64,75,2972,0.37124593,341,1.171875,0.02153432,1.19340932,564,-223,-0.286264442,0.286264442,,
RRL_Rugby,91,92,508,0.146153072,508,1.010989011,0.179133858,1.190122869,565,-57,-0.073170732,0.073170732,,
jaredguardipee,15,16,123,0.033526339,717,1.066666667,0.12195122,1.188617886,566,151,0.193838254,0.193838254,,
MarmandT,18,21,860,0.15378772,497,1.166666667,0.020930233,1.187596899,567,-70,-0.089858793,0.089858793,,
JerryBriant,252,276,2823,0.586541189,282,1.095238095,0.089266738,1.184504833,568,-286,-0.367137356,0.367137356,,
cschanck,9,10,129,0.030186622,724,1.111111111,0.069767442,1.180878553,569,155,0.198973042,0.198973042,,
scotty2971,12,14,1320,0.177366561,473,1.166666667,0.009090909,1.175757576,570,-97,-0.124518614,0.124518614,,
JudeDeSilva0161,44,40,165,0.068684094,638,0.909090909,0.266666667,1.175757576,571,67,0.086007702,0.086007702,,
JunkScience,13,15,10796,1.13555442,203,1.153846154,0.00120415,1.155050304,572,-369,-0.473684211,0.473684211,,
soccerdhg,77,85,1920,0.289701056,381,1.103896104,0.040104167,1.144000271,573,-192,-0.246469833,0.246469833,,
Mandahl,96,98,790,0.216970875,430,1.020833333,0.121518987,1.142352321,574,-144,-0.184852375,0.184852375,,
franklin19788,8,9,530,0.071257212,630,1.125,0.01509434,1.14009434,575,55,0.070603338,0.070603338,,
JerryLupinos,25,27,452,0.089905231,593,1.08,0.055309735,1.135309735,576,17,0.02182285,0.02182285,,
StuNeff,103,113,2736,0.458074609,313,1.097087379,0.037646199,1.134733577,577,-264,-0.338896021,0.338896021,,
GattonTammy,10,6,19,0.013205525,760,0.6,0.526315789,1.126315789,578,182,0.233632863,0.233632863,,
le_skooks,114,99,448,0.153033505,498,0.868421053,0.254464286,1.122885338,579,-81,-0.103979461,0.103979461,,
RyBro7,221,32,231,0.213398476,432,0.14479638,0.956709957,1.101506337,580,-148,-0.189987163,0.189987163,,
Cigarjon1968,2,2,27,0.006169061,773,1,0.074074074,1.074074074,581,192,0.246469833,0.246469833,,
EsmeraldaYellow,14,13,98,0.025132258,735,0.928571429,0.142857143,1.071428571,582,153,0.196405648,0.196405648,,
PoetGang_,71,71,1111,0.210290101,436,1,0.063906391,1.063906391,583,-147,-0.188703466,0.188703466,,
JeffQuinton,115,120,5685,0.797078349,244,1.043478261,0.020228672,1.063706933,584,-340,-0.436456996,0.436456996,,
WSharrer,955,791,4087,1.362415255,169,0.828272251,0.233667727,1.061939978,585,-416,-0.534017972,0.534017972,,
marlo1210,9,8,53,0.014223286,756,0.888888889,0.169811321,1.05870021,586,170,0.218228498,0.218228498,,
Ospainter123,63,49,231,0.123824956,543,0.777777778,0.272727273,1.050505051,587,-44,-0.05648267,0.05648267,,
UnicycleDood,330,227,954,0.401098635,330,0.687878788,0.34591195,1.033790738,588,-258,-0.331193838,0.331193838,,
CenterBSC,4,4,129,0.025059807,736,1,0.031007752,1.031007752,589,147,0.188703466,0.188703466,,
FinancialDocCMJ,8,8,369,0.046510216,694,1,0.021680217,1.021680217,590,104,0.133504493,0.133504493,,
portraitgrip,1073,938,7329,1.800533053,142,0.874184529,0.146404694,1.020589223,591,-449,-0.576379974,0.576379974,,
JustCoriG,3,3,155,0.022105044,742,1,0.019354839,1.019354839,592,150,0.192554557,0.192554557,,
lindsayknob,120,98,610,0.217121853,428,0.816666667,0.196721311,1.013387978,593,-165,-0.211810013,0.211810013,,
KanyesPinkPolo_,1,1,77,0.011036661,765,1,0.012987013,1.012987013,594,171,0.219512195,0.219512195,,
WideReceiverMen,64,60,853,0.181709812,468,0.9375,0.075029308,1.012529308,595,-127,-0.163029525,0.163029525,,
dorjedronma,4,4,364,0.044036918,698,1,0.010989011,1.010989011,596,102,0.130937099,0.130937099,,
JuiceInnovation,1,1,120,0.019101316,749,1,0.008333333,1.008333333,597,152,0.195121951,0.195121951,,
sethsprole,1,1,130,0.020873031,745,1,0.007692308,1.007692308,598,147,0.188703466,0.188703466,,
valentin_india,8,8,1145,0.136263226,521,1,0.0069869,1.0069869,599,-78,-0.10012837,0.10012837,,
helloitsme_MK,1,1,157,0.01941539,748,1,0.006369427,1.006369427,600,148,0.189987163,0.189987163,,
mannyd1_,7,7,1149,0.148429804,505,1,0.006092254,1.006092254,601,-96,-0.123234917,0.123234917,,
BlkMartinPrince,1,1,173,0.042281707,701,1,0.005780347,1.005780347,602,99,0.127086008,0.127086008,,
BurningWordz,4,4,854,0.111245677,559,1,0.004683841,1.004683841,603,-44,-0.05648267,0.05648267,,
contactmassey,1,1,218,0.040895847,703,1,0.004587156,1.004587156,604,99,0.127086008,0.127086008,,
TyChapman22,2,2,468,0.068464271,639,1,0.004273504,1.004273504,605,34,0.0436457,0.0436457,,
tyg____,1,1,239,0.028334968,729,1,0.0041841,1.0041841,606,123,0.157894737,0.157894737,,
lauratuuu,1,1,249,0.031860722,720,1,0.004016064,1.004016064,607,113,0.145057766,0.145057766,,
the_shantilly,1,1,253,0.035162722,715,1,0.003952569,1.003952569,608,107,0.137355584,0.137355584,,
malicioussG,1,1,323,0.056290517,671,1,0.003095975,1.003095975,609,62,0.079589217,0.079589217,,
OEatonMartinez,2,2,731,0.106714256,568,1,0.002735978,1.002735978,610,-42,-0.053915276,0.053915276,,
luke_j_obrien,1,1,408,0.050823394,681,1,0.00245098,1.00245098,611,70,0.089858793,0.089858793,,
CHHolte,4,4,1737,0.230478053,422,1,0.002302821,1.002302821,612,-190,-0.243902439,0.243902439,,
aglawpaul,2,2,900,0.125383761,542,1,0.002222222,1.002222222,613,-71,-0.09114249,0.09114249,,
btiarao,1,1,701,0.085063252,601,1,0.001426534,1.001426534,614,-13,-0.016688062,0.016688062,,
Marezzeefam,13,12,166,0.036399502,711,0.923076923,0.078313253,1.001390176,615,96,0.123234917,0.123234917,,
whole_patients,3,3,2861,0.341496122,354,1,0.001048584,1.001048584,616,-262,-0.336328626,0.336328626,,
brttneymonique,1,1,1209,0.139488238,517,1,0.00082713,1.00082713,617,-100,-0.128369705,0.128369705,,
jlschuster827,1,1,1405,0.185208792,463,1,0.000711744,1.000711744,618,-155,-0.198973042,0.198973042,,
TheConArtist_16,1,1,2025,0.322142815,363,1,0.000493827,1.000493827,619,-256,-0.328626444,0.328626444,,
BaltSunBrk,5,5,10416,1.102925615,208,1,0.000480031,1.000480031,620,-412,-0.528883184,0.528883184,,
AD_Renaissance,1,1,2445,0.274571403,395,1,0.000408998,1.000408998,621,-226,-0.290115533,0.290115533,,
oliverale,1,1,2492,0.273815204,396,1,0.000401284,1.000401284,622,-226,-0.290115533,0.290115533,,
uhnaam,1,1,2911,0.325587257,361,1,0.000343525,1.000343525,623,-262,-0.336328626,0.336328626,,
PoliticsK12,4,4,39178,4.103424615,73,1,0.000102098,1.000102098,624,-551,-0.707317073,0.707317073,,
RandyEllefson,1,1,24992,3.161101748,93,1,4.00128E-05,1.000040013,625,-532,-0.682926829,0.682926829,,
new2tweet17,18,13,65,0.024686595,737,0.722222222,0.276923077,0.999145299,626,111,0.142490372,0.142490372,,
ObscureStreamMe,33,24,126,0.049643946,686,0.727272727,0.261904762,0.989177489,627,59,0.075738126,0.075738126,,
caterey,26,21,174,0.043027863,699,0.807692308,0.149425287,0.957117595,628,71,0.09114249,0.09114249,,
Nicki5522,90,74,711,0.166368589,484,0.822222222,0.126582278,0.948804501,629,-145,-0.186136072,0.186136072,,
paulmeyer745,346,312,8393,1.378624021,168,0.901734104,0.04122483,0.942958934,630,-462,-0.593068036,0.593068036,,
Cy_Guy,81,59,391,0.122202775,547,0.728395062,0.207161125,0.935556187,631,-84,-0.107830552,0.107830552,,
bremmore,30,27,890,0.158615003,493,0.9,0.033707865,0.933707865,632,-139,-0.17843389,0.17843389,,
DCAbloob,90,81,3554,0.535188702,293,0.9,0.025323579,0.925323579,633,-340,-0.436456996,0.436456996,,
valleylea,113,96,1604,0.305292073,371,0.849557522,0.070448878,0.9200064,634,-263,-0.337612323,0.337612323,,
genellog,9,8,435,0.085597381,600,0.888888889,0.020689655,0.909578544,635,-35,-0.044929397,0.044929397,,
EricRohrs,28,24,556,0.151162596,501,0.857142857,0.050359712,0.907502569,636,-135,-0.173299101,0.173299101,,
bederson,10,9,1669,0.191603235,456,0.9,0.005991612,0.905991612,637,-181,-0.232349166,0.232349166,,
wallyboston,10,9,1847,0.241537192,412,0.9,0.005414185,0.905414185,638,-226,-0.290115533,0.290115533,,
TeriPDC,26,23,1559,0.231255811,421,0.884615385,0.016677357,0.901292742,639,-218,-0.279845956,0.279845956,,
mamasauret,26,20,226,0.056620097,670,0.769230769,0.115044248,0.884275017,640,30,0.038510911,0.038510911,,
timidstone,73,59,1025,0.206000613,439,0.808219178,0.071219512,0.87943869,641,-202,-0.259306804,0.259306804,,
LifeNRA,8,7,1860,0.277069512,392,0.875,0.004301075,0.879301075,642,-250,-0.320924262,0.320924262,,
JamesRCollette,65,44,322,0.120010917,549,0.676923077,0.201863354,0.878786431,643,-94,-0.120667522,0.120667522,,
Ferraj301,108,88,1741,0.297584948,377,0.814814815,0.062033314,0.876848129,644,-267,-0.342747112,0.342747112,,
316BellaLuna,77,61,974,0.202626101,447,0.792207792,0.079055441,0.871263234,645,-198,-0.254172015,0.254172015,,
imbreelol,326,100,584,0.343522139,351,0.306748466,0.558219178,0.864967644,646,-295,-0.378690629,0.378690629,,
The_Commish92,50,37,415,0.132627785,528,0.74,0.120481928,0.860481928,647,-119,-0.152759949,0.152759949,,
FDRAcolyte,29,22,321,0.066559281,646,0.75862069,0.090342679,0.848963369,648,-2,-0.002567394,0.002567394,,
EricaLG,48,40,8951,1.02624306,214,0.833333333,0.005362529,0.838695863,649,-435,-0.558408216,0.558408216,,
dj_smirnoff_ice,6,5,20711,2.16436732,123,0.833333333,0.000289701,0.833623034,650,-527,-0.676508344,0.676508344,,
CTseangrace,27,22,1519,0.227508915,425,0.814814815,0.017774852,0.832589667,651,-226,-0.290115533,0.290115533,,
Pinkster97,19,15,546,0.126949342,537,0.789473684,0.034798535,0.824272219,652,-115,-0.14762516,0.14762516,,
KennethElpus,10,8,450,0.068096574,640,0.8,0.022222222,0.822222222,653,-13,-0.016688062,0.016688062,,
Misterjkane,15,12,914,0.126533259,539,0.8,0.016411379,0.816411379,654,-115,-0.14762516,0.14762516,,
rickinaboxHUT,18,14,651,0.092992248,589,0.777777778,0.02764977,0.805427547,655,-66,-0.084724005,0.084724005,,
MisterFreedom,58,45,2333,0.365570503,345,0.775862069,0.024860694,0.800722763,656,-311,-0.399229782,0.399229782,,
KenShepherd,412,276,4377,0.925943574,225,0.669902913,0.094128398,0.764031311,657,-432,-0.554557125,0.554557125,,
b_eeeezyy,136,90,1403,0.280113326,391,0.661764706,0.096935139,0.758699845,658,-267,-0.342747112,0.342747112,,
JoeTrippi,4,3,962450,100.0773739,2,0.75,4.15606E-06,0.750004156,659,-657,-0.84338896,0.84338896,,
Ginger_Martian0,7,3,22,0.008715882,769,0.428571429,0.318181818,0.746753247,660,109,0.139922978,0.139922978,,
TBapologetics,227,143,2072,0.42833486,322,0.629955947,0.109555985,0.739511932,661,-339,-0.435173299,0.435173299,,
EvilPowerRanger,67,34,292,0.09943282,580,0.507462687,0.229452055,0.736914741,662,-82,-0.105263158,0.105263158,,
DMVPat,7,5,457,0.071438348,629,0.714285714,0.015317287,0.729603001,663,-34,-0.0436457,0.0436457,,
Channel4Radio,46,31,867,0.141683646,510,0.673913043,0.053056517,0.72696956,664,-154,-0.197689345,0.197689345,,
NelsyUmanzor,931,217,1903,1.02123308,215,0.233082707,0.489227535,0.722310242,665,-450,-0.577663671,0.577663671,,
dchiv412,30,21,1978,0.275079937,394,0.7,0.015166835,0.715166835,666,-272,-0.349165597,0.349165597,,
_ashhlo,47,25,264,0.073694017,625,0.531914894,0.178030303,0.709945197,667,-42,-0.053915276,0.053915276,,
spobyypll,20,14,2115,0.258096758,402,0.7,0.009456265,0.709456265,668,-266,-0.341463415,0.341463415,,
sygt_,139,85,1499,0.29577105,378,0.611510791,0.092728486,0.704239277,669,-291,-0.373555841,0.373555841,,
rbrown715,111,74,3679,0.558483935,287,0.666666667,0.030171242,0.696837909,670,-383,-0.491655969,0.491655969,,
vee4x,176,62,512,0.211251209,433,0.352272727,0.34375,0.696022727,671,-238,-0.305519897,0.305519897,,
RefugeeWatcher,83,53,2793,0.366383619,344,0.638554217,0.02971715,0.668271367,672,-328,-0.421052632,0.421052632,,
katy_flowergirl,85,45,647,0.205510521,440,0.529411765,0.13137558,0.660787344,673,-233,-0.299101412,0.299101412,,
Terrance_GW,33,19,407,0.074892524,623,0.575757576,0.081081081,0.656838657,674,-51,-0.065468549,0.065468549,,
VayekanadeAlba,189,115,4969,0.780696153,246,0.608465608,0.038035822,0.646501431,675,-429,-0.550706033,0.550706033,,
educationweek,14,9,524167,54.54192864,5,0.642857143,2.6709E-05,0.642883852,676,-671,-0.861360719,0.861360719,,
Arch24_7,59,16,161,0.070110922,634,0.271186441,0.366459627,0.637646068,677,-43,-0.055198973,0.055198973,,
EYES_OF_EVE_ENT,65,40,3605,0.451580201,315,0.615384615,0.018030513,0.633415129,678,-363,-0.465982028,0.465982028,,
FinsandFluke,44,27,10488,1.180889806,193,0.613636364,0.004195271,0.617831634,679,-486,-0.623876765,0.623876765,,
AngieNK,6,3,56,0.013567643,757,0.5,0.107142857,0.607142857,680,77,0.098844673,0.098844673,,
MDYankeefan1,56,32,1831,0.287184339,382,0.571428571,0.03058438,0.602012952,681,-299,-0.383825417,0.383825417,,
Fot_roca,5,3,6146,0.791034058,245,0.6,0.000813537,0.600813537,682,-437,-0.56097561,0.56097561,,
kvrxngton,33,18,903,0.135993612,522,0.545454545,0.03654485,0.581999396,683,-161,-0.206675225,0.206675225,,
__C_A_R_T_E_R__,40,22,1682,0.236910341,416,0.55,0.023781213,0.573781213,684,-268,-0.344030809,0.344030809,,
Rob_Richie,9,5,574,0.070254744,633,0.555555556,0.015679443,0.571234998,685,-52,-0.066752246,0.066752246,,
buzzinbaltimore,9,5,4122,0.452618743,314,0.555555556,0.002183406,0.557738962,686,-372,-0.477535302,0.477535302,,
supersteak,11,6,1075,0.174116564,476,0.545454545,0.010232558,0.555687104,687,-211,-0.270860077,0.270860077,,
LaureenDaniels,76,34,1010,0.187651184,462,0.447368421,0.075247525,0.522615946,688,-226,-0.290115533,0.290115533,,
edcampaacps,2,1,104,0.013477621,758,0.5,0.019230769,0.519230769,689,69,0.088575096,0.088575096,,
thehatchergroup,26,13,2409,0.303528088,375,0.5,0.01079286,0.51079286,690,-315,-0.40436457,0.40436457,,
4ismoreeee,19,9,632,0.09707481,583,0.473684211,0.030063291,0.503747502,691,-108,-0.138639281,0.138639281,,
TwinSkys,2,1,728,0.140858091,513,0.5,0.002747253,0.502747253,692,-179,-0.229781772,0.229781772,,
IceCold_TAE,2,1,936,0.115510197,553,0.5,0.002136752,0.502136752,693,-140,-0.179717587,0.179717587,,
mukamana25,2,1,1340,0.156331846,496,0.5,0.001492537,0.501492537,694,-198,-0.254172015,0.254172015,,
jaisalnoor,2,1,1709,0.219694314,427,0.5,0.001170275,0.501170275,695,-268,-0.344030809,0.344030809,,
CarlForsling,2,1,1797,0.232057085,420,0.5,0.001112966,0.501112966,696,-276,-0.354300385,0.354300385,,
AshawoEnt,2,1,19627,2.464980943,113,0.5,0.0001019,0.5001019,697,-584,-0.749679076,0.749679076,,
brandonwjr05,1,0,2,0.001264417,779,0,0.5,0.5,698,81,0.103979461,0.103979461,,
NANOJEFE,19,9,1286,0.158765138,492,0.473684211,0.014774495,0.488458705,699,-207,-0.265725289,0.265725289,,
SB__Dana,12,5,379,0.05607239,672,0.416666667,0.031662269,0.448328936,700,-28,-0.035943517,0.035943517,,
Kaillu123,57,18,445,0.10459561,573,0.315789474,0.128089888,0.443879361,701,-128,-0.164313222,0.164313222,,
dirtydev_,12,5,801,0.10942172,562,0.416666667,0.014981273,0.43164794,702,-140,-0.179717587,0.179717587,,
xoxArham,205,68,2377,0.433115133,321,0.331707317,0.086243164,0.417950481,703,-382,-0.490372272,0.490372272,,
goyler3,5,2,418,0.081070834,609,0.4,0.011961722,0.411961722,704,-95,-0.12195122,0.12195122,,
Lexyyy21,5,2,1298,0.160891971,490,0.4,0.00385208,0.40385208,705,-215,-0.275994865,0.275994865,,
Luckydragon84,3,1,84,0.013277717,759,0.333333333,0.035714286,0.369047619,706,53,0.068035944,0.068035944,,
lianharf,30,9,539,0.090397746,592,0.3,0.055658627,0.355658627,707,-115,-0.14762516,0.14762516,,
QuietRetreat,46,14,904,0.151084823,502,0.304347826,0.050884956,0.355232782,708,-206,-0.264441592,0.264441592,,
calebdwarren,7,2,111,0.02313286,740,0.285714286,0.063063063,0.348777349,709,31,0.039794608,0.039794608,,
TeahJanae_,9,3,679,0.089772054,594,0.333333333,0.013254786,0.34658812,710,-116,-0.148908858,0.148908858,,
DirtyDub47,14,4,249,0.066900093,645,0.285714286,0.0562249,0.341939185,711,-66,-0.084724005,0.084724005,,
Leggoo_my_yego,9,3,1089,0.139898496,516,0.333333333,0.008264463,0.341597796,712,-196,-0.251604621,0.251604621,,
BaltUprising,3,1,680,0.076313164,619,0.333333333,0.004411765,0.337745098,713,-94,-0.120667522,0.120667522,,
caterinagrove,3,1,3334,0.402157782,329,0.333333333,0.00089982,0.334233153,714,-385,-0.494223363,0.494223363,,
AchieveTheDream,3,1,4817,0.540723791,292,0.333333333,0.000622794,0.333956128,715,-423,-0.543003851,0.543003851,,
livebmorelife,13,4,1617,0.202696412,446,0.307692308,0.008039579,0.315731887,716,-270,-0.346598203,0.346598203,,
LorNard_,4,1,133,0.021157341,744,0.25,0.030075188,0.280075188,717,27,0.03465982,0.03465982,,
hciwtfel,12,3,847,0.113550178,556,0.25,0.014167651,0.264167651,718,-162,-0.207958922,0.207958922,,
MoCoGreens,4,1,499,0.059318509,661,0.25,0.008016032,0.258016032,719,-58,-0.074454429,0.074454429,,
AWbeardsley,4,1,7554,0.89525464,230,0.25,0.000529521,0.250529521,720,-490,-0.629011553,0.629011553,,
vibelsrgi,3,0,12,0.005460202,775,0,0.25,0.25,721,54,0.069319641,0.069319641,,
LadyK__j,6,1,150,0.02463724,738,0.166666667,0.04,0.206666667,722,16,0.020539153,0.020539153,,
gucciferx,84,4,557,0.131944553,529,0.047619048,0.150807899,0.198426947,723,-194,-0.249037227,0.249037227,,
betzaida_c_a,39,7,3213,0.477202334,311,0.179487179,0.012138189,0.191625368,724,-413,-0.530166881,0.530166881,,
RmcccClayton,7,1,895,0.13445115,525,0.142857143,0.007821229,0.150678372,725,-200,-0.256739409,0.256739409,,
EppingerAmber,84,4,846,0.168255544,481,0.047619048,0.09929078,0.146909828,726,-245,-0.314505777,0.314505777,,
illustriousoul,25,2,488,0.081766839,608,0.08,0.051229508,0.131229508,727,-119,-0.152759949,0.152759949,,
Cerebrone,177,6,2123,0.388863375,334,0.033898305,0.083372586,0.117270891,728,-394,-0.505776637,0.505776637,,
VictoriaTrout1,55,4,2241,0.329404724,359,0.072727273,0.024542615,0.097269888,729,-370,-0.474967908,0.474967908,,
JBrian_Phillips,1,0,32,0.008089368,770,0,0.03125,0.03125,730,40,0.051347882,0.051347882,,
kyndnotes,4,0,151,0.022491134,741,0,0.026490066,0.026490066,731,10,0.01283697,0.01283697,,
msmacpassion,1,0,39,0.007240263,772,0,0.025641026,0.025641026,732,40,0.051347882,0.051347882,,
linadbg,608,2,27710,4.021751077,75,0.003289474,0.021941537,0.025231011,733,-658,-0.844672657,0.844672657,,
AntoneOTGPromo,2,0,85,0.014452934,755,0,0.023529412,0.023529412,734,21,0.026957638,0.026957638,,
alba23fr,266,2,17398,2.443282734,114,0.007518797,0.015289114,0.022807911,735,-621,-0.797175866,0.797175866,,
krysmatthews3,2,0,96,0.012620645,762,0,0.020833333,0.020833333,736,26,0.033376123,0.033376123,,
carlap517,4,0,221,0.045084329,696,0,0.018099548,0.018099548,737,-41,-0.052631579,0.052631579,,
Tez_is_here,2,0,205,0.02696552,731,0,0.009756098,0.009756098,738,-7,-0.008985879,0.008985879,,
dianeborger126,1,0,228,0.044373634,697,0,0.004385965,0.004385965,739,-42,-0.053915276,0.053915276,,
DaveZaharchuk,1,0,241,0.03038206,723,0,0.004149378,0.004149378,740,-17,-0.02182285,0.02182285,,
alexknobel,1,0,248,0.061949378,657,0,0.004032258,0.004032258,741,-84,-0.107830552,0.107830552,,
TGSlater,2,0,521,0.067747079,641,0,0.003838772,0.003838772,742,-101,-0.129653402,0.129653402,,
FrankoMontana,1,0,269,0.033335709,718,0,0.003717472,0.003717472,743,-25,-0.032092426,0.032092426,,
janinebucks,70,0,19057,2.037183996,131,0,0.003673191,0.003673191,744,-613,-0.78690629,0.78690629,,
iaa_umd,2,0,593,0.099717928,577,0,0.003372681,0.003372681,745,-168,-0.215661104,0.215661104,,
MarcNemiroff,1,0,303,0.057650395,665,0,0.00330033,0.00330033,746,-81,-0.103979461,0.103979461,,
tmj_bal_edu,1,0,303,0.03753445,707,0,0.00330033,0.00330033,747,-40,-0.051347882,0.051347882,,
camking21,1,0,309,0.047039071,693,0,0.003236246,0.003236246,748,-55,-0.070603338,0.070603338,,
EliasFlamenco,1,0,349,0.047043165,692,0,0.00286533,0.00286533,749,-57,-0.073170732,0.073170732,,
YoungJefeeee,1,0,439,0.054085185,678,0,0.002277904,0.002277904,750,-72,-0.092426187,0.092426187,,
seclectech,2,0,890,0.13017702,531,0,0.002247191,0.002247191,751,-220,-0.28241335,0.28241335,,
Bill_Duck21804,1,0,454,0.078357406,615,0,0.002202643,0.002202643,752,-137,-0.175866496,0.175866496,,
JohnAMacDougall,1,0,455,0.066049814,647,0,0.002197802,0.002197802,753,-106,-0.136071887,0.136071887,,
Baum__Diggity,1,0,489,0.070070932,635,0,0.00204499,0.00204499,754,-119,-0.152759949,0.152759949,,
_msjenkinss,1,0,495,0.062323799,655,0,0.002020202,0.002020202,755,-100,-0.128369705,0.128369705,,
sandra_king2,2,0,992,0.181006861,469,0,0.002016129,0.002016129,756,-287,-0.368421053,0.368421053,,
womanistpsych,1,0,525,0.056626242,669,0,0.001904762,0.001904762,757,-88,-0.11296534,0.11296534,,
MRichWJZ,1,0,528,0.082049572,606,0,0.001893939,0.001893939,758,-152,-0.195121951,0.195121951,,
_onlydavid_,2,0,1092,0.132758812,527,0,0.001831502,0.001831502,759,-232,-0.297817715,0.297817715,,
RexNovaa,1,0,564,0.071469072,628,0,0.00177305,0.00177305,760,-132,-0.16944801,0.16944801,,
uptopallstar,1,0,617,0.0802619,610,0,0.001620746,0.001620746,761,-151,-0.193838254,0.193838254,,
AZealousVoice,1,0,641,0.078714585,614,0,0.001560062,0.001560062,762,-148,-0.189987163,0.189987163,,
TrillShitHoe,1,0,722,0.07813838,616,0,0.001385042,0.001385042,763,-147,-0.188703466,0.188703466,,
letzgoterps,1,0,735,0.107487119,565,0,0.001360544,0.001360544,764,-199,-0.255455712,0.255455712,,
SnowWuff,1,0,811,0.103305185,576,0,0.001233046,0.001233046,765,-189,-0.242618742,0.242618742,,
sdkbusiness,2,0,1637,0.282748867,388,0,0.001221747,0.001221747,766,-378,-0.485237484,0.485237484,,
AnastasyaVK,1,0,1122,0.127314619,536,0,0.000891266,0.000891266,767,-231,-0.296534018,0.296534018,,
RichBitchMello,1,0,1629,0.198487803,451,0,0.000613874,0.000613874,768,-317,-0.406931964,0.406931964,,
MarylandLover,1,0,1706,0.204489946,442,0,0.000586166,0.000586166,769,-327,-0.419768935,0.419768935,,
FinditattheBay,6,0,10424,1.292100386,175,0,0.000575595,0.000575595,770,-595,-0.763799743,0.763799743,,
chendrie,4,0,7834,0.839017259,236,0,0.000510595,0.000510595,771,-535,-0.68677792,0.68677792,,
RDFoxworth,1,0,2237,0.276913397,393,0,0.000447027,0.000447027,772,-379,-0.486521181,0.486521181,,
Baltimore0nline,2,0,5683,0.700358963,261,0,0.000351927,0.000351927,773,-512,-0.657252888,0.657252888,,
DBCorey,2,0,7015,0.874325015,233,0,0.000285103,0.000285103,774,-541,-0.694480103,0.694480103,,
BruceLesley,4,0,14433,1.802911625,141,0,0.000277143,0.000277143,775,-634,-0.813863928,0.813863928,,
avalonstwd,1,0,4699,0.49772692,301,0,0.000212811,0.000212811,776,-475,-0.609756098,0.609756098,,
TraderBruce1,3,0,15029,1.739776389,145,0,0.000199614,0.000199614,777,-632,-0.811296534,0.811296534,,
ItsVonTae,1,0,15451,1.737147943,146,0,6.47207E-05,6.47207E-05,778,-632,-0.811296534,0.811296534,,
1057TheFan,1,0,16097,1.711681682,150,0,6.21234E-05,6.21234E-05,779,-629,-0.807445443,0.807445443,,
